1450171	Aaoar1_AssemblyScaffolds_Repeatmasked.fasta.gz	Aaoar1	Aaosphaeria arxii
137743	Abobi1_AssemblyScaffolds_Repeatmasked.fasta.gz	Abobi1	Abortiporus biennis
137743	Abobie1_AssemblyScaffolds_Repeatmasked.fasta.gz	Abobie1	Abortiporus biennis
90267	Chlpad1_AssemblyScaffolds_Repeatmasked.fasta.gz	Chlpad1	Chlamydoabsidia padenii
90262	Absrep1_AssemblyScaffolds_Repeatmasked.fasta.gz	Absrep1	Absidia repens
215250	Acain1_AssemblyScaffolds_Repeatmasked.fasta.gz	Acain1	Acaromyces ingoldii
886606	Acema1_AssemblyScaffolds_Repeatmasked.fasta.gz	Acema1	Acephala macrosclerotiorum
79814	Achstr1_AssemblyScaffolds_Repeatmasked.fasta.gz	Achstr1	Achaetomium strumarium
245562	Aciri1_iso_AssemblyScaffolds_Repeatmasked.fasta.gz	Aciri1_iso	Acidomyces richmondensis
245562	Aciri1_meta_AssemblyScaffolds_Repeatmasked.fasta.gz	Aciri1_meta	Acidomyces richmondensis
1442179	Aciaci1_AssemblyScaffolds_Repeatmasked.fasta.gz	Aciaci1	Acidothrix acidophila
591952	Acral2_AssemblyScaffolds_Repeatmasked.fasta.gz	Acral2	Acremonium alcalophilum JCM 7366
857340	Acrchr1_AssemblyScaffolds_Repeatmasked.fasta.gz	Acrchr1	Acremonium chrysogenum ATCC 11550
5046	Acrst1_AssemblyScaffolds_Repeatmasked.fasta.gz	Acrst1	Sarocladium strictum
44565	Agahy1_AssemblyScaffolds_Repeatmasked.fasta.gz	Agahy1	Sterigmatomyces hyphaenes
936046	Abisporus_varbisporusH97.v2.maskedAssembly.gz	Agabi_varbisH97_2	Agaricus bisporus var. bisporus H97
597362	Abisporus_varburnettii.v2.masked.fasta.gz	Agabi_varbur_1	Agaricus bisporus var. burnettii JB137-S8
84607	Agrped1_AssemblyScaffolds_Repeatmasked.fasta.gz	Agrped1	Agrocybe pediades
112102	Alikh1_AssemblyScaffolds_Repeatmasked.fasta.gz	Alikh1	Aliquandostipite khaoyaiensis
578462	Allma1_AssemblyScaffolds_Repeatmasked.fasta.gz	Allma1	Allomyces macrogynus ATCC 38327
5599	Altalt1_AssemblyScaffolds_Repeatmasked.fasta.gz	Altalt1	Alternaria alternata
5599	Altal1_AssemblyScaffolds_Repeatmasked.fasta.gz	Altal1	Alternaria alternata
29001	Alternaria_brassicicola_masked_assembly.fasta.gz	Altbr1	Alternaria brassicicola
1187941	Altro1_AssemblyScaffolds_Repeatmasked.fasta.gz	Altro1	Alternaria rosae
946122	Amamu1_AssemblyScaffolds_Repeatmasked.fasta.gz	Amamu1	Amanita muscaria Koide BX008
703135	Amath1_AssemblyScaffolds_Repeatmasked.fasta.gz	Amath1	Amanita thiersii Skay4041
1392246	Amnli1_AssemblyScaffolds_Repeatmasked.fasta.gz	Amnli1	Amniculicola lignicola CBS 123094
5101	Amore1_AssemblyScaffolds_Repeatmasked.fasta.gz	Amore1	Amorphotheca resinae
50730	Ampqui1_AssemblyScaffolds_Repeatmasked.fasta.gz	Ampqui1	Ampelomyces quisqualis
202700	Amylap1_1_AssemblyScaffolds_Repeatmasked.fasta.gz	Amylap1_1	Amylocystis lapponica
55340	Amycha1_AssemblyScaffolds_Repeatmasked.fasta.gz	Amycha1	Amylostereum chailletii
1754192	Anasp1_AssemblyScaffolds_Repeatmasked.fasta.gz	Anasp1	Anaeromyces robustus
693288	Anoalb1_AssemblyScaffolds_Repeatmasked.fasta.gz	Anoalb1	Anomoloma albolutescens
264122	Anobom1_AssemblyScaffolds_Repeatmasked.fasta.gz	Anobom1	Anomoporia bombycina
1405086	Antav1_AssemblyScaffolds_Repeatmasked.fasta.gz	Antav1	Anthostoma avocetta NRRL 3190
1284279	Antlo1_AssemblyScaffolds_Repeatmasked.fasta.gz	Antlo1	Antonospora locustae HM-2013
139415	Antser1_AssemblyScaffolds_Repeatmasked.fasta.gz	Antser1	Antrodia serialis
1333626	Antsi1_AssemblyScaffolds_Repeatmasked.fasta.gz	Antsi1	Adustoporia sinuosa
314023	Apibac1_AssemblyScaffolds_Repeatmasked.fasta.gz	Apibac1	Apiosordaria backusii
335852	Apimo1_AssemblyScaffolds_Repeatmasked.fasta.gz	Apimo1	Arthrinium arundinis
462254	Aplpr1_AssemblyScaffolds_Repeatmasked.fasta.gz	Aplpr1	Aplosporella prunicola
516989	Apope1_AssemblyScaffolds_Repeatmasked.fasta.gz	Apope1	Apodospora peruviana
1211726	Elmca1_AssemblyScaffolds_Repeatmasked.fasta.gz	Elmca1	Elmerina caryae
47426	Armcep1_AssemblyScaffolds_Repeatmasked.fasta.gz	Armcep1	Armillaria cepistipes
47427	Armga1_AssemblyScaffolds_Repeatmasked.fasta.gz	Armga1	Armillaria gallica
1314977	Armme1_1_AssemblyScaffolds_Repeatmasked.fasta.gz	Armme1_1	Armillaria mellea DSM 3731
64368	Armnab1_AssemblyScaffolds_Repeatmasked.fasta.gz	Armnab1	Armillaria nabsnona
47428	Armosto1_AssemblyScaffolds_Repeatmasked.fasta.gz	Armosto1	Armillaria ostoyae
1076256	Armost1_AssemblyScaffolds_Repeatmasked.fasta.gz	Armost1	Armillaria solidipes
53486	Artfe1_2_AssemblyScaffolds_Repeatmasked.fasta.gz	Artfe1_2	Saccharomycopsis fermentans
756982	Artol1_AssemblyScaffolds_Repeatmasked.fasta.gz	Artol1	Arthrobotrys oligospora ATCC 24927
663331	Artbe1_AssemblyScaffolds_Repeatmasked.fasta.gz	Artbe1	Trichophyton benhamiae CBS 112371
526244	Artele1122_1_AssemblyScaffolds_Repeatmasked.fasta.gz	Artele1122_1	Trametes elegans
526244	Artel1_AssemblyScaffolds_Repeatmasked.fasta.gz	Artel1	Trametes elegans
5191	Ascim1_AssemblyScaffolds_Repeatmasked.fasta.gz	Ascim1	Ascobolus immersus
5454	Ascra1_AssemblyScaffolds_Repeatmasked.fasta.gz	Ascra1	Ascochyta rabiei
1016881	Ascocoryne_sarcoides.allmasked.gz	Ascsa1	Ascocoryne sarcoides NRRL 50072
341454	Ascni1_AssemblyScaffolds_Repeatmasked.fasta.gz	Ascni1	Ascodesmis nigricans
1344418	Ascru1_AssemblyScaffolds_Repeatmasked.fasta.gz	Ascru1	Ascoidea rubescens DSM 1968
286159	Aspacri1_AssemblyScaffolds_Repeatmasked.fasta.gz	Aspacri1	Aspergillus nidulans var. acristatus
487661	Aspacu1_AssemblyScaffolds_Repeatmasked.fasta.gz	Aspacu1	Aspergillus aculeatinus
690307	Aspac1_masked_scaffolds.fasta.gz	Aspac1	Aspergillus aculeatus ATCC 16872
176161	Aspamy1_AssemblyScaffolds_Repeatmasked.fasta.gz	Aspamy1	Aspergillus amylovorus
41753	Aspbisp1_AssemblyScaffolds_Repeatmasked.fasta.gz	Aspbisp1	Aspergillus bisporus
109264	Aspbom1_AssemblyScaffolds_Repeatmasked.fasta.gz	Aspbom1	Aspergillus bombycis
767769	Aspbr1_AssemblyScaffolds_Repeatmasked.fasta.gz	Aspbr1	Aspergillus brasiliensis CBS 101740
176172	Aspbrev1_AssemblyScaffolds_Repeatmasked.fasta.gz	Aspbrev1	Aspergillus brevijanus
1191711	Aspbru1_AssemblyScaffolds_Repeatmasked.fasta.gz	Aspbru1	Aspergillus brunneoviolaceus
454130	Aspcal1_AssemblyScaffolds_Repeatmasked.fasta.gz	Aspcal1	Aspergillus calidoustus
1392248	Aspcam1_AssemblyScaffolds_Repeatmasked.fasta.gz	Aspcam1	Aspergillus campestris IBT 28561
41067	Aspcand1_AssemblyScaffolds_Repeatmasked.fasta.gz	Aspcand1	Aspergillus candidus
602072	Aspca3_masked_scaffolds.fasta.gz	Aspca3	Aspergillus carbonarius ITEM 5010
182096	Aspchev1_AssemblyScaffolds_Repeatmasked.fasta.gz	Aspchev1	Aspergillus chevalieri
344612	Aspcl1_AssemblyScaffolds_Repeatmasked.fasta.gz	Aspcl1	Aspergillus clavatus NRRL 1
319631	Aspcos1_AssemblyScaffolds_Repeatmasked.fasta.gz	Aspcos1	Aspergillus costaricaensis
573508	Aspcri1_AssemblyScaffolds_Repeatmasked.fasta.gz	Aspcri1	Aspergillus cristatus
1810909	Aspdese1_AssemblyScaffolds_Repeatmasked.fasta.gz	Aspdese1	Aspergillus desertorum
41066	Aspell1_AssemblyScaffolds_Repeatmasked.fasta.gz	Aspell1	Aspergillus ellipticus
1340029	Aspeuc1_AssemblyScaffolds_Repeatmasked.fasta.gz	Aspeuc1	Aspergillus eucalypticola
1191702	Aspfij1_AssemblyScaffolds_Repeatmasked.fasta.gz	Aspfij1	Aspergillus fijiensis
447248	Aspfili1_AssemblyScaffolds_Repeatmasked.fasta.gz	Aspfili1	Aspergillus filifer
332952	Aspfl1_AssemblyScaffolds_Repeatmasked.fasta.gz	Aspfl1	Aspergillus flavus NRRL3357
451804	Aspfu_A1163_1_AssemblyScaffolds_Repeatmasked.fasta.gz	Aspfu_A1163_1	Aspergillus fumigatus A1163
330879	Aspfu1_AssemblyScaffolds_Repeatmasked.fasta.gz	Aspfu1	Aspergillus fumigatus Af293
176168	Aspfuni1_AssemblyScaffolds_Repeatmasked.fasta.gz	Aspfuni1	Aspergillus funiculosus
1160497	Aspgl1_AssemblyScaffolds_Repeatmasked.fasta.gz	Aspgl1	Aspergillus glaucus CBS 516.65
51019	Asphet1_AssemblyScaffolds_Repeatmasked.fasta.gz	Asphet1	Aspergillus heteromorphus
319626	Asphom1_AssemblyScaffolds_Repeatmasked.fasta.gz	Asphom1	Aspergillus homomorphus
301854	Aspibe1_AssemblyScaffolds_Repeatmasked.fasta.gz	Aspibe1	Aspergillus ibericus
138288	Aspind2_1_AssemblyScaffolds_Repeatmasked.fasta.gz	Aspind2_1	Aspergillus terricola var. indicus
1232676	Aspind1_AssemblyScaffolds_Repeatmasked.fasta.gz	Aspind1	Aspergillus indologenus
1131488	Aspinso1_AssemblyScaffolds_Repeatmasked.fasta.gz	Aspinso1	Aspergillus insolitus
34381	Aspjap1_AssemblyScaffolds_Repeatmasked.fasta.gz	Aspjap1	Aspergillus japonicus
1033177	Aspka1_1_AssemblyScaffolds_Repeatmasked.fasta.gz	Aspka1_1	Aspergillus kawachii IFO 4308
319628	Asplac1_AssemblyScaffolds_Repeatmasked.fasta.gz	Asplac1	Aspergillus lacticoffeatus
1137211	Aspfo1_AssemblyScaffolds_Repeatmasked.fasta.gz	Aspfo1	Aspergillus luchuensis CBS 106.47
41759	Aspmul1_1_AssemblyScaffolds_Repeatmasked.fasta.gz	Aspmul1_1	Aspergillus multicolor
1883083	Aspneoa1_AssemblyScaffolds_Repeatmasked.fasta.gz	Aspneoa1	Aspergillus neoauricomus
2184044	Aspne1_AssemblyScaffolds_Repeatmasked.fasta.gz	Aspne1	Aspergillus sp. JGI-2018a
1196635	Aspneo1_AssemblyScaffolds_Repeatmasked.fasta.gz	Aspneo1	Aspergillus neoniger
162425	Aspnid1_AssemblyScaffolds_Repeatmasked.fasta.gz	Aspnid1	Aspergillus nidulans
380704	Aspni7_AssemblyScaffolds_Repeatmasked.fasta.gz	Aspni7	Aspergillus niger ATCC 1015
425011	Aspni_DSM_1_AssemblyScaffolds_Repeatmasked.fasta.gz	Aspni_DSM_1	Aspergillus niger CBS 513.88
1451139	Aspni_NRRL3_1_AssemblyScaffolds_Repeatmasked.fasta.gz	Aspni_NRRL3_1	Aspergillus niger NRRL3
1353008	Aspni_bvT_1_AssemblyScaffolds_Repeatmasked.fasta.gz	Aspni_bvT_1	Aspergillus niger ATCC 13496
1509407	Aspnom13137_1_AssemblyScaffolds_Repeatmasked.fasta.gz	Aspnom13137_1	Aspergillus nomius NRRL 13137
1392255	Aspnov1_AssemblyScaffolds_Repeatmasked.fasta.gz	Aspnov1	Aspergillus novofumigatus IBT 16806
1392256	Aspoch1_AssemblyScaffolds_Repeatmasked.fasta.gz	Aspoch1	Aspergillus ochraceoroseus IBT 24754
138278	Aspoch1432_1_AssemblyScaffolds_Repeatmasked.fasta.gz	Aspoch1432_1	Aspergillus ochraceoroseus
1250372	Aspoli1_1_AssemblyScaffolds_Repeatmasked.fasta.gz	Aspoli1_1	Aspergillus olivicola
510516	Aspor1_AssemblyScaffolds_Repeatmasked.fasta.gz	Aspor1	Aspergillus oryzae RIB40
41750	Aspparv1_AssemblyScaffolds_Repeatmasked.fasta.gz	Aspparv1	Aspergillus parvulus
41959	Asppeni1_AssemblyScaffolds_Repeatmasked.fasta.gz	Asppeni1	Aspergillus penicillioides
1353007	Aspph1_AssemblyScaffolds_Repeatmasked.fasta.gz	Aspph1	Aspergillus phoenicis ATCC 13157
319630	Asppip1_AssemblyScaffolds_Repeatmasked.fasta.gz	Asppip1	Aspergillus piperis
308745	Aspram1_AssemblyScaffolds_Repeatmasked.fasta.gz	Aspram1	Aspergillus rambellii
41761	Asprec1_1_AssemblyScaffolds_Repeatmasked.fasta.gz	Asprec1_1	Aspergillus recurvatus
5064	Aspres1_AssemblyScaffolds_Repeatmasked.fasta.gz	Aspres1	Aspergillus restrictus
138281	Asprobu1_AssemblyScaffolds_Repeatmasked.fasta.gz	Asprobu1	Aspergillus robustus
1250373	Aspros1_AssemblyScaffolds_Repeatmasked.fasta.gz	Aspros1	Aspergillus roseoglobulosus
979771	Aspsac1_AssemblyScaffolds_Repeatmasked.fasta.gz	Aspsac1	Aspergillus saccharolyticus
487660	Aspscle1_AssemblyScaffolds_Repeatmasked.fasta.gz	Aspscle1	Aspergillus sclerotiicarbonarius
319627	Aspscl1_AssemblyScaffolds_Repeatmasked.fasta.gz	Aspscl1	Aspergillus sclerotioniger
138282	Aspsc1_AssemblyScaffolds_Repeatmasked.fasta.gz	Aspsc1	Aspergillus sclerotiorum
1810926	Aspstel1_1_AssemblyScaffolds_Repeatmasked.fasta.gz	Aspstel1_1	Aspergillus stella-maris
1883081	Aspstec1_1_AssemblyScaffolds_Repeatmasked.fasta.gz	Aspstec1_1	Aspergillus stercoraria
1392250	Aspste1_AssemblyScaffolds_Repeatmasked.fasta.gz	Aspste1	Aspergillus steynii IBT 23096
1036612	Aspsy1_AssemblyScaffolds_Repeatmasked.fasta.gz	Aspsy1	Aspergillus sydowii CBS 593.65
482145	Asptaic1_AssemblyScaffolds_Repeatmasked.fasta.gz	Asptaic1	Aspergillus taichungensis
341663	Aspte1_AssemblyScaffolds_Repeatmasked.fasta.gz	Aspte1	Aspergillus terreus NIH2624
478866	Asptr1_AssemblyScaffolds_Repeatmasked.fasta.gz	Asptr1	Aspergillus tritici
767770	Asptu1_AssemblyScaffolds_Repeatmasked.fasta.gz	Asptu1	Aspergillus tubingensis CBS 134.48
91492	Aspuda1_AssemblyScaffolds_Repeatmasked.fasta.gz	Aspuda1	Aspergillus udagawae
1810928	Aspund1_1_AssemblyScaffolds_Repeatmasked.fasta.gz	Aspund1_1	Aspergillus undulatus
40381	Aspung1_AssemblyScaffolds_Repeatmasked.fasta.gz	Aspung1	Aspergillus unguis
446911	Aspuva1_AssemblyScaffolds_Repeatmasked.fasta.gz	Aspuva1	Aspergillus uvarum
288669	Aspvad1_AssemblyScaffolds_Repeatmasked.fasta.gz	Aspvad1	Aspergillus vadensis
1810929	Aspven1_AssemblyScaffolds_Repeatmasked.fasta.gz	Aspven1	Aspergillus venezuelensis
1036611	Aspve1_AssemblyScaffolds_Repeatmasked.fasta.gz	Aspve1	Aspergillus versicolor CBS 583.65
657443	Aspvio1_AssemblyScaffolds_Repeatmasked.fasta.gz	Aspvio1	Aspergillus violaceofuscus
1341132	Aspwel1_AssemblyScaffolds_Repeatmasked.fasta.gz	Aspwel1	Aspergillus welwitschiae
1073089	Aspwe1_AssemblyScaffolds_Repeatmasked.fasta.gz	Aspwe1	Aspergillus wentii DTO 134E9
1073090	Aspzo1_AssemblyScaffolds_Repeatmasked.fasta.gz	Aspzo1	Penicilliopsis zonata CBS 506.65
1938712	Atrsp2_AssemblyScaffolds_Repeatmasked.fasta.gz	Atrsp2	Atractiella rhizophila
1176130	Aulhe2_AssemblyScaffolds_Repeatmasked.fasta.gz	Aulhe2	Aulographum hederae
1043003	Aurpu_var_mel1_AssemblyScaffolds_Repeatmasked.fasta.gz	Aurpu_var_mel1	Aureobasidium melanogenum CBS 110374
1043004	Aurpu_var_nam1_AssemblyScaffolds_Repeatmasked.fasta.gz	Aurpu_var_nam1	Aureobasidium namibiae CBS 147.97
5580	Aurpu_var_pul1_AssemblyScaffolds_Repeatmasked.fasta.gz	Aurpu_var_pul1	Aureobasidium pullulans
1043005	Aurpu_var_sub1_AssemblyScaffolds_Repeatmasked.fasta.gz	Aurpu_var_sub1	Aureobasidium subglaciale EXF-2481
717982	Aurde3_1_AssemblyScaffolds_Repeatmasked.fasta.gz	Aurde3_1	Auricularia subglabra TFB-10046 SS5
97359	Auramp1_AssemblyScaffolds_Repeatmasked.fasta.gz	Auramp1	Auriculariopsis ampla
40419	Aurvu1_AssemblyScaffolds_Repeatmasked.fasta.gz	Aurvu1	Auriscalpium vulgare
984486	Babin1_AssemblyScaffolds_Repeatmasked.fasta.gz	Babin1	Babjeviella inositovora NRRL Y-12698
64653	Bacci1_AssemblyScaffolds_Repeatmasked.fasta.gz	Bacci1	Backusella circina
1230402	Basun1_AssemblyScaffolds_Repeatmasked.fasta.gz	Basun1	Basidioascus undulatus
423460	Basme2finSC_AssemblyScaffolds_Repeatmasked.fasta.gz	Basme2finSC	Basidiobolus meristosporus
684364	Batde5_masked_scaffolds.fasta.gz	Batde5	Batrachochytrium dendrobatidis JAM81
717646	Bauco1_AssemblyScaffolds_Repeatmasked.fasta.gz	Bauco1	Baudoinia panamericana UAMH 10762
655819	Beaba1_AssemblyScaffolds_Repeatmasked.fasta.gz	Beaba1	Beauveria bassiana ARSEF 2860
147497	Bimnz1_AssemblyScaffolds_Repeatmasked.fasta.gz	Bimnz1	Bimuria novae-zelandiae
97378	Bisnum1_AssemblyScaffolds_Repeatmasked.fasta.gz	Bisnum1	Biscogniauxia nummularia
1954211	Bissp1_AssemblyScaffolds_Repeatmasked.fasta.gz	Bissp1	Bisporella sp. PMI_857
748444	Bjead1_1_AssemblyScaffolds_Repeatmasked.fasta.gz	Bjead1_1	Bjerkandera adusta HHB-12826-SP SB-22
4850	Blatri1_AssemblyScaffolds_Repeatmasked.fasta.gz	Blatri1	Blakeslea trispora
1401090	Arxad1_AssemblyScaffolds_Repeatmasked.fasta.gz	Arxad1	Blastobotrys adeninivorans LR3
64508	Blabri1_AssemblyScaffolds_Repeatmasked.fasta.gz	Blabri1	Blastocladiella britannica
559298	Blade1_AssemblyScaffolds_Repeatmasked.fasta.gz	Blade1	Blastomyces gilchristii SLH14081
546991	Blugr2_AssemblyScaffolds_Repeatmasked.fasta.gz	Blugr2	Blumeria graminis f. sp. hordei DH14
62688	BlugrR1_1_AssemblyScaffolds_Repeatmasked.fasta.gz	BlugrR1_1	Blumeria graminis f. sp. hordei
1268274	Blugra1_AssemblyScaffolds_Repeatmasked.fasta.gz	Blugra1	Blumeria graminis f. sp. tritici 96224
388810	Blyhe1_AssemblyScaffolds_Repeatmasked.fasta.gz	Blyhe1	Blyttiomyces helicus
749465	Boeex1_AssemblyScaffolds_Repeatmasked.fasta.gz	Boeex1	Boeremia exigua
34439	Bolvit1_AssemblyScaffolds_Repeatmasked.fasta.gz	Bolvit1	Bolbitius vitellinus
1328754	Boled1_AssemblyScaffolds_Repeatmasked.fasta.gz	Boled1	Boletus edulis BED1
252184	Bombom1_AssemblyScaffolds_Repeatmasked.fasta.gz	Bombom1	Bombardia bombarda
930990	Botbo1_AssemblyScaffolds_Repeatmasked.fasta.gz	Botbo1	Botryobasidium botryosum FD-172 SS1
55169	Botdo1_1_AssemblyScaffolds_Repeatmasked.fasta.gz	Botdo1_1	Botryosphaeria dothidea
280465	Botmuc1_AssemblyScaffolds_Repeatmasked.fasta.gz	Botmuc1	Botryozyma mucatilis
40559	Botci1_AssemblyScaffolds_Repeatmasked.fasta.gz	Botci1	Botrytis cinerea
73172	Bulin1_AssemblyScaffolds_Repeatmasked.fasta.gz	Bulin1	Bulgaria inquinans
1356009	Byssp1_AssemblyScaffolds_Repeatmasked.fasta.gz	Byssp1	Byssochlamys spectabilis No. 5
147558	Bysci1_AssemblyScaffolds_Repeatmasked.fasta.gz	Bysci1	Byssothecium circinans
1485229	Cadsp1_AssemblyScaffolds_Repeatmasked.fasta.gz	Cadsp1	Cadophora sp. DSE1049
1907482	Caecom1_AssemblyScaffolds_Repeatmasked.fasta.gz	Caecom1	Caecomyces sp. A
380014	Calor1_AssemblyScaffolds_Repeatmasked.fasta.gz	Calor1	Caliciopsis orientalis
1353952	Calco1_AssemblyScaffolds_Repeatmasked.fasta.gz	Calco1	Calocera cornea HHB12733
1330018	Calvi1_AssemblyScaffolds_Repeatmasked.fasta.gz	Calvi1	Calocera viscosa TUFC12733
47187	Calful1_AssemblyScaffolds_Repeatmasked.fasta.gz	Calful1	Caloscypha fulgens
312312	Calpu1_AssemblyScaffolds_Repeatmasked.fasta.gz	Calpu1	Calosphaeria pulchella
237561	Canalb1_AssemblyScaffolds_Repeatmasked.fasta.gz	Canalb1	Candida albicans SC5314
983967	Canar1_AssemblyScaffolds_Repeatmasked.fasta.gz	Canar1	[Candida] arabinofermentans NRRL YB-2248
984487	Canta1_AssemblyScaffolds_Repeatmasked.fasta.gz	Canta1	Suhomyces tanzawaensis NRRL Y-17324
590646	Cante1_masked_genomic_scaffolds.fasta.gz	Cante1	Yamadazyma tenuis ATCC 10573
36065	Cananz1_AssemblyScaffolds_Repeatmasked.fasta.gz	Cananz1	Cantharellus
1182541	Capcor1_AssemblyScaffolds_Repeatmasked.fasta.gz	Capcor1	Capronia coronata CBS 617.96
1182542	Capep1_AssemblyScaffolds_Repeatmasked.fasta.gz	Capep1	Capronia epimyces CBS 606.96
5601	Capse1_AssemblyScaffolds_Repeatmasked.fasta.gz	Capse1	Phialophora americana
109876	Catan2_AssemblyScaffolds_Repeatmasked.fasta.gz	Catan2	Catenaria anguillulae
1555241	Caupr_SCcomb_AssemblyScaffolds_Repeatmasked.fasta.gz	Caupr_SCcomb	Caulochytrium protostelioides
1555241	Caupr1_AssemblyScaffolds_Repeatmasked.fasta.gz	Caupr1	Caulochytrium protostelioides
794803	Cenge3_AssemblyScaffolds_Repeatmasked.fasta.gz	Cenge3	Cenococcum geophilum 1.58
43958	Cepal1_1_AssemblyScaffolds_Repeatmasked.fasta.gz	Cepal1_1	Cephaloascus albidus
27311	Cepfr1_1_AssemblyScaffolds_Repeatmasked.fasta.gz	Cepfr1_1	Cephaloascus fragrans
1522189	Cersp1_AssemblyScaffolds_Repeatmasked.fasta.gz	Cersp1	Ceraceosorus guamensis
305860	CerAGI_AssemblyScaffolds_Repeatmasked.fasta.gz	CerAGI	Ceratobasidium sp. AG-I
314043	Cercau1_AssemblyScaffolds_Repeatmasked.fasta.gz	Cercau1	Cercophora caudata
92897	Cernew1_AssemblyScaffolds_Repeatmasked.fasta.gz	Cernew1	Cercophora newfieldiana
314031	Cersc1_AssemblyScaffolds_Repeatmasked.fasta.gz	Cersc1	Cercophora scortea
717836	Cerzm1_AssemblyScaffolds_Repeatmasked.fasta.gz	Cerzm1	Cercospora zeae-maydis SCOH1-5
1175230	Cercer1_AssemblyScaffolds_Repeatmasked.fasta.gz	Cercer1	Cerinomyces ceraceus
914234	Ceriporiopsis_subvermispora.masked.fasta.gz	Cersu1	Gelatoporia subvermispora B
1142151	Cerun2_AssemblyScaffolds_Repeatmasked.fasta.gz	Cerun2	Cerrena unicolor 303
1854472	Chafi1_AssemblyScaffolds_Repeatmasked.fasta.gz	Chafi1	Chaetomium fimeti
306901	Chagl_1_assembly_scaffolds_repeatmasked.fasta.gz	Chagl_1	Chaetomium globosum CBS 148.51
139949	Chain1_AssemblyScaffolds_Repeatmasked.fasta.gz	Chain1	Chaetosphaeria innumera
1379296	Chalo1_AssemblyScaffolds_Repeatmasked.fasta.gz	Chalo1	Chalara longipes BDJ
54742	Chiap1_AssemblyScaffolds_Repeatmasked.fasta.gz	Chiap1	Chionosphaera apobasidialis
180810	Chicu1_AssemblyScaffolds_Repeatmasked.fasta.gz	Chicu1	Chionosphaera cuniculicola
1336337	Chove1_AssemblyScaffolds_Repeatmasked.fasta.gz	Chove1	Choiromyces venosus 120613-1
64509	Chylag1_AssemblyScaffolds_Repeatmasked.fasta.gz	Chylag1	Chytridium lagenaria
1882861	Chytri1_AssemblyScaffolds_Repeatmasked.fasta.gz	Chytri1	Chytriomyces sp. MP71
101103	Cirumb1_AssemblyScaffolds_Repeatmasked.fasta.gz	Cirumb1	Circinella umbellata
1437435	Clapol1_1_AssemblyScaffolds_Repeatmasked.fasta.gz	Clapol1_1	Cladochytrium polystomum
27339	Clagr3_AssemblyScaffolds_Repeatmasked.fasta.gz	Clagr3	Cladonia grayi
1442370	Claba1_AssemblyScaffolds_Repeatmasked.fasta.gz	Claba1	Cladophialophora bantiana CBS 173.52
1279043	Claca1_AssemblyScaffolds_Repeatmasked.fasta.gz	Claca1	Cladophialophora carrionii CBS 160.54
569365	Claim1_AssemblyScaffolds_Repeatmasked.fasta.gz	Claim1	Cladophialophora immunda
1182543	Claps1_AssemblyScaffolds_Repeatmasked.fasta.gz	Claps1	Cladophialophora psammophila CBS 110553
1182544	Claye1_AssemblyScaffolds_Repeatmasked.fasta.gz	Claye1	Cladophialophora yegresii CBS 114405
585595	Clabul1_AssemblyScaffolds_Repeatmasked.fasta.gz	Clabul1	Cladorrhinum bulbillosum
5499	Clafu1_AssemblyScaffolds_Repeatmasked.fasta.gz	Clafu1	Passalora fulva
92950	Clasph1_AssemblyScaffolds_Repeatmasked.fasta.gz	Clasph1	Cladosporium sphaerospermum
706981	Clael1_AssemblyScaffolds_Repeatmasked.fasta.gz	Clael1	Clathrospora elynae
48021	Clapy1_AssemblyScaffolds_Repeatmasked.fasta.gz	Clapy1	Artomyces pyxidatus
306902	Clalu1_2_AssemblyScaffolds_Repeatmasked.fasta.gz	Clalu1_2	Clavispora lusitaniae ATCC 42720
1486700	ClaPMI390_AssemblyScaffolds_Repeatmasked.fasta.gz	ClaPMI390	Clavulina sp. PMI_390
239101	Clibor1_AssemblyScaffolds_Repeatmasked.fasta.gz	Clibor1	Climacocystis borealis
378275	Cligib1_AssemblyScaffolds_Repeatmasked.fasta.gz	Cligib1	Infundibulicybe gibba
1231657	Cloaq1_AssemblyScaffolds_Repeatmasked.fasta.gz	Cloaq1	Clohesyomyces aquaticus
29856	Cloro1_AssemblyScaffolds_Repeatmasked.fasta.gz	Cloro1	Clonostachys rosea
246410	Cocim1_AssemblyScaffolds_Repeatmasked.fasta.gz	Cocim1	Coccidioides immitis RS
54530	Cocba1_AssemblyScaffolds_Repeatmasked.fasta.gz	Cocba1	Coccodinium bartschii
380015	Cocst1_AssemblyScaffolds_Repeatmasked.fasta.gz	Cocst1	Coccomyces strobi
930089	Cocca1_AssemblyScaffolds_Repeatmasked.fasta.gz	Cocca1	Bipolaris zeicola 26-R-13
5016	CocheC4_1_AssemblyScaffolds_Repeatmasked.fasta.gz	CocheC4_1	Bipolaris maydis
701091	CocheC5_1_assembly_scaffolds_repeatmasked.fasta.gz	CocheC5_3	Bipolaris maydis C5
977863	Coclu2_AssemblyScaffolds_Repeatmasked.fasta.gz	Coclu2	Curvularia lunata m118
930090	Cocmi1_AssemblyScaffolds_Repeatmasked.fasta.gz	Cocmi1	Bipolaris oryzae ATCC 44560
665912	Cocsa1_AssemblyScaffolds_Repeatmasked.fasta.gz	Cocsa1	Bipolaris sorokiniana ND90Pr
930091	Cocvi1_AssemblyScaffolds_Repeatmasked.fasta.gz	Cocvi1	Bipolaris victoriae FI3
4864	Coemoj1_AssemblyScaffolds_Repeatmasked.fasta.gz	Coemoj1	Coemansia mojavensis
763665	Coere1_AssemblyScaffolds_Repeatmasked.fasta.gz	Coere1	Coemansia reversa NRRL 1564
417178	Coespi1_AssemblyScaffolds_Repeatmasked.fasta.gz	Coespi1	Coemansia spiralis
90255	Cokrec1_AssemblyScaffolds_Repeatmasked.fasta.gz	Cokrec1	Cokeromyces recurvatus
27357	Colac2_AssemblyScaffolds_Repeatmasked.fasta.gz	Colac2	Colletotrichum acutatum
5460	Colca1_AssemblyScaffolds_Repeatmasked.fasta.gz	Colca1	Colletotrichum caudatum
343994	Colce1_AssemblyScaffolds_Repeatmasked.fasta.gz	Colce1	Colletotrichum cereale
1173702	Coler1_AssemblyScaffolds_Repeatmasked.fasta.gz	Coler1	Colletotrichum eremochloae
129314	Colfa1_AssemblyScaffolds_Repeatmasked.fasta.gz	Colfa1	Colletotrichum falcatum
1445577	Colfi1_AssemblyScaffolds_Repeatmasked.fasta.gz	Colfi1	Colletotrichum fioriniae PJ7
1209918	Colgo1_AssemblyScaffolds_Repeatmasked.fasta.gz	Colgo1	Colletotrichum godetiae
645133	Colgr1_AssemblyScaffolds_Repeatmasked.fasta.gz	Colgr1	Colletotrichum graminicola M1.001
759273	Colhig2_AssemblyScaffolds_Repeatmasked.fasta.gz	Colhig2	Colletotrichum higginsianum IMI 349063
145971	Collu1_AssemblyScaffolds_Repeatmasked.fasta.gz	Collu1	Colletotrichum lupini
681940	Colna1_AssemblyScaffolds_Repeatmasked.fasta.gz	Colna1	Colletotrichum navitas
1460502	Colny1_AssemblyScaffolds_Repeatmasked.fasta.gz	Colny1	Colletotrichum nymphaeae SA-01
1209926	Color1_AssemblyScaffolds_Repeatmasked.fasta.gz	Color1	Colletotrichum orchidophilum
359342	Colph1_AssemblyScaffolds_Repeatmasked.fasta.gz	Colph1	Colletotrichum phormii
1209931	Colsa1_AssemblyScaffolds_Repeatmasked.fasta.gz	Colsa1	Colletotrichum salicis
703756	Colsi1_AssemblyScaffolds_Repeatmasked.fasta.gz	Colsi1	Colletotrichum simmondsii
1500509	Colso1_AssemblyScaffolds_Repeatmasked.fasta.gz	Colso1	Colletotrichum somersetense
1173701	Colsu1_AssemblyScaffolds_Repeatmasked.fasta.gz	Colsu1	Colletotrichum sublineola
708197	Colto1_AssemblyScaffolds_Repeatmasked.fasta.gz	Colto1	Colletotrichum tofieldiae
1216348	Colzo1_AssemblyScaffolds_Repeatmasked.fasta.gz	Colzo1	Colletotrichum zoysiae
796925	Conco1_AssemblyScaffolds_Repeatmasked.fasta.gz	Conco1	Conidiobolus coronatus NRRL 28638
1314799	Conth1_AssemblyScaffolds_Repeatmasked.fasta.gz	Conth1	Conidiobolus thromboides FSU 785
172190	Pilidi1_AssemblyScaffolds_Repeatmasked.fasta.gz	Pilidi1	Coniella
177197	Conli1_AssemblyScaffolds_Repeatmasked.fasta.gz	Conli1	Coniochaeta ligniaria
177197	Conlig1_AssemblyScaffolds_Repeatmasked.fasta.gz	Conlig1	Coniochaeta ligniaria
1571157	Conioc1_AssemblyScaffolds_Repeatmasked.fasta.gz	Conioc1	Coniochaeta sp. 2T2.1
1450552	ConPMI546_AssemblyScaffolds_Repeatmasked.fasta.gz	ConPMI546	Coniochaeta sp. PMI_546
85977	Conol1_AssemblyScaffolds_Repeatmasked.fasta.gz	Conol1	Coniophora olivacea
741705	Conpu1_AssemblyScaffolds_Repeatmasked.fasta.gz	Conpu1	Coniophora puteana RWD-64-598 SS2
1168221	Conap1_AssemblyScaffolds_Repeatmasked.fasta.gz	Conap1	Coniosporium apollinis CBS 100218
980116	Copang1_AssemblyScaffolds_Repeatmasked.fasta.gz	Copang1	Coprinellus angulatus
71717	Copmic2_AssemblyScaffolds_Repeatmasked.fasta.gz	Copmic2	Coprinellus micaceus
575509	Coppel1_AssemblyScaffolds_Repeatmasked.fasta.gz	Coppel1	Coprinellus pellucidus
5346	Coprinopsis_cinerea.masked.fasta.gz	Copci1	Coprinopsis cinerea
1132390	Copci_AmutBmut1_AssemblyScaffolds_Repeatmasked.fasta.gz	Copci_AmutBmut1	Coprinopsis cinerea AmutBmut pab1-1
230819	Copmar1_AssemblyScaffolds_Repeatmasked.fasta.gz	Copmar1	Coprinopsis marcescibilis
71723	Copscl1_AssemblyScaffolds_Repeatmasked.fasta.gz	Copscl1	Coprinopsis sclerotiger
983644	Cormi1_AssemblyScaffolds_Repeatmasked.fasta.gz	Cormi1	Cordyceps militaris CM01
45810	Corma2_AssemblyScaffolds_Repeatmasked.fasta.gz	Corma2	Corollospora maritima
1149754	Corgl3_AssemblyScaffolds_Repeatmasked.fasta.gz	Corgl3	Cortinarius glaucopus AT 2004 276
59586	Corca1_AssemblyScaffolds_Repeatmasked.fasta.gz	Corca1	Corynespora cassiicola
1954473	Crafun1_AssemblyScaffolds_Repeatmasked.fasta.gz	Crafun1	Crassisporium funariophilum
179855	Crevar1_AssemblyScaffolds_Repeatmasked.fasta.gz	Crevar1	Crepidotus variabilis
708437	Croqu1_AssemblyScaffolds_Repeatmasked.fasta.gz	Croqu1	Cronartium quercuum f. sp. fusiforme G11
68775	Crula1_AssemblyScaffolds_Repeatmasked.fasta.gz	Crula1	Crucibulum laeve
660469	Cryphonectria_parasiticav2.nuclearAssembly.masked.gz	Crypa2	Cryphonectria parasitica EP155
57679	Crycu1_AssemblyScaffolds_Repeatmasked.fasta.gz	Crycu1	Cutaneotrichosporon curvatus
235443	Cryptococcus_neoformans_H99.masked.fasta.gz	Cryne_H99_1	Cryptococcus neoformans var. grubii H99
214684	Cryne_JEC21_1_AssemblyScaffolds_Repeatmasked.fasta.gz	Cryne_JEC21_1	Cryptococcus neoformans var. neoformans JEC21
104414	Cryte1_AssemblyScaffolds_Repeatmasked.fasta.gz	Cryte1	Solicoccozyma terricola
89929	Cryvi1_AssemblyScaffolds_Repeatmasked.fasta.gz	Cryvi1	Naganishia vishniacii
104416	Crywi1_AssemblyScaffolds_Repeatmasked.fasta.gz	Crywi1	Filobasidium wieringae
940279	Crypo1_AssemblyScaffolds_Repeatmasked.fasta.gz	Crypo1	Cryptodiaporthe populea
1907526	Crypto1_AssemblyScaffolds_Repeatmasked.fasta.gz	Crypto1	Cryptodiaporthe sp. AZ0812
45142	Cucbe1_AssemblyScaffolds_Repeatmasked.fasta.gz	Cucbe1	Cucurbitaria berberidis
76405	Cunech1_AssemblyScaffolds_Repeatmasked.fasta.gz	Cunech1	Cunninghamella echinulata
68777	Cyastr2_AssemblyScaffolds_Repeatmasked.fasta.gz	Cyastr2	Cyathus striatus
983966	Cybja1_AssemblyScaffolds_Repeatmasked.fasta.gz	Cybja1	Cyberlindnera jadinii NRRL Y-1542
394432	Cylto1_AssemblyScaffolds_Repeatmasked.fasta.gz	Cylto1	Cylindrobasidium torrendii
1220924	Cypeu1_AssemblyScaffolds_Repeatmasked.fasta.gz	Cypeu1	Cyphellophora europaea CBS 101466
467946	Cysmur1_AssemblyScaffolds_Repeatmasked.fasta.gz	Cysmur1	Cystostereum murrayi
1883072	Cytmel1_AssemblyScaffolds_Repeatmasked.fasta.gz	Cytmel1	Cytidiella melzeri
252740	Cytch1_AssemblyScaffolds_Repeatmasked.fasta.gz	Cytch1	Valsa sordida
1858805	Dacsp1_AssemblyScaffolds_Repeatmasked.fasta.gz	Dacsp1	Dacryopinax primogenitus
1079267	Daces1_AssemblyScaffolds_Repeatmasked.fasta.gz	Daces1	Dactylonectria estremocensis
1314783	Daequ1_AssemblyScaffolds_Repeatmasked.fasta.gz	Daequ1	Daedalea quercina L-15889
1001832	DalEC12_1_AssemblyScaffolds_Repeatmasked.fasta.gz	DalEC12_1	Daldinia sp. EC12
284592	Debha1_AssemblyScaffolds_Repeatmasked.fasta.gz	Debha1	Debaryomyces hansenii CBS767
184978	Decga1_AssemblyScaffolds_Repeatmasked.fasta.gz	Decga1	Decorospora gaudefroyi
747657	Dekbr2_AssemblyScaffolds_Repeatmasked.fasta.gz	Dekbr2	Brettanomyces bruxellensis CBS 2499
1504671	Delco1_AssemblyScaffolds_Repeatmasked.fasta.gz	Delco1	Delitschia confertaspora
147560	Delst1_AssemblyScaffolds_Repeatmasked.fasta.gz	Delst1	Delphinella strobiligena
1314803	Denbi1_AssemblyScaffolds_Repeatmasked.fasta.gz	Denbi1	Dendrothele bispora
256645	Denna1_AssemblyScaffolds_Repeatmasked.fasta.gz	Denna1	Dendryphion nanum
1883078	Densp1_AssemblyScaffolds_Repeatmasked.fasta.gz	Densp1	Dentipellis sp. KUC8613
1214573	Diaam1_AssemblyScaffolds_Repeatmasked.fasta.gz	Diaam1	Diaporthe ampelina
114155	Dicsqu463_1_AssemblyScaffolds_Repeatmasked.fasta.gz	Dicsqu463_1	Dichomitus squalens
114155	Dicsqu464_1_AssemblyScaffolds_Repeatmasked.fasta.gz	Dicsqu464_1	Dichomitus squalens
732165	Dicsq1_AssemblyScaffolds_Repeatmasked.fasta.gz	Dicsq1	Dichomitus squalens LYAD-421 SS1
114155	Dicsqu18370_1_AssemblyScaffolds_Repeatmasked.fasta.gz	Dicsqu18370_1	Dichomitus squalens
101130	Dicele1_AssemblyScaffolds_Repeatmasked.fasta.gz	Dicele1	Dichotomocladium elegans
1150837	Didex1_AssemblyScaffolds_Repeatmasked.fasta.gz	Didex1	Didymella exigua CBS 183.55
259522	Didma1_AssemblyScaffolds_Repeatmasked.fasta.gz	Didma1	Didymella maydis
372059	Didsa1_AssemblyScaffolds_Repeatmasked.fasta.gz	Didsa1	Didymocrea sadasivanii
215637	DimcrSC1_AssemblyScaffolds_Repeatmasked.fasta.gz	DimcrSC1	Dimargaris cristalligena
603311	Diocr1_AssemblyScaffolds_Repeatmasked.fasta.gz	Diocr1	Dioszegia cryoxerica
420778	Dipse1_AssemblyScaffolds_Repeatmasked.fasta.gz	Dipse1	Diplodia seriata
1314786	Disac1_AssemblyScaffolds_Repeatmasked.fasta.gz	Disac1	Dissoconium aciculare CBS 342.82
1392245	Dotsy1_AssemblyScaffolds_Repeatmasked.fasta.gz	Dotsy1	Dothidotthia symphoricarpi CBS 119687
675120	Dotse1_AssemblyScaffolds_Repeatmasked.fasta.gz	Dotse1	Dothistroma septosporum NZE10
239200	Earsca1_AssemblyScaffolds_Repeatmasked.fasta.gz	Earsca1	Earliella scabrosa
302913	Elsamp1_AssemblyScaffolds_Repeatmasked.fasta.gz	Elsamp1	Elsinoe ampelina
284813	Enccu1_AssemblyScaffolds_Repeatmasked.fasta.gz	Enccu1	Encephalitozoon cuniculi GB-M1
907965	Enche1_AssemblyScaffolds_Repeatmasked.fasta.gz	Enche1	Encephalitozoon hellem ATCC 50504
876142	Encin1_AssemblyScaffolds_Repeatmasked.fasta.gz	Encin1	Encephalitozoon intestinalis ATCC 50506
1178016	Encro1_AssemblyScaffolds_Repeatmasked.fasta.gz	Encro1	Encephalitozoon romaleae SJ-2008
1263415	EndpusZ1_AssemblyScaffolds_Repeatmasked.fasta.gz	EndpusZ1	Endocarpon pusillum Z07020
481877	Entbi1_AssemblyScaffolds_Repeatmasked.fasta.gz	Entbi1	Enterocytozoon bieneusi H348
97380	Entma1_AssemblyScaffolds_Repeatmasked.fasta.gz	Entma1	Entoleuca mammata
281842	Enthel1_AssemblyScaffolds_Repeatmasked.fasta.gz	Enthel1	Entophlyctis helioformis
1392243	Erebi1_AssemblyScaffolds_Repeatmasked.fasta.gz	Erebi1	Eremomyces bilateralis CBS 781.70
284811	Ashgo1_1_AssemblyScaffolds_Repeatmasked.fasta.gz	Ashgo1_1	Eremothecium gossypii ATCC 10895
52586	Erynec1_AssemblyScaffolds_Repeatmasked.fasta.gz	Erynec1	Erysiphe necator
1397323	Eryha1_AssemblyScaffolds_Repeatmasked.fasta.gz	Eryha1	Erythrobasidium hasegawianum ATCC 9536
1388766	Eurhe1_AssemblyScaffolds_Repeatmasked.fasta.gz	Eurhe1	Aspergillus ruber CBS 135680
1287681	Eutla1_AssemblyScaffolds_Repeatmasked.fasta.gz	Eutla1	Eutypa lata UCREL1
5219	Exigl1_AssemblyScaffolds_Repeatmasked.fasta.gz	Exigl1	Exidia glandulosa
1493668	Exomac1_AssemblyScaffolds_Repeatmasked.fasta.gz	Exomac1	Exobasidium maculosum
1314671	Exova1_AssemblyScaffolds_Repeatmasked.fasta.gz	Exova1	Exobasidium vaccinii MPITM
91920	Exoalc1_AssemblyScaffolds_Repeatmasked.fasta.gz	Exoalc1	Exophiala alcalophila
91920	Exoalc1_J33_AssemblyScaffolds_Repeatmasked.fasta.gz	Exoalc1_J33	Exophiala alcalophila
1182545	Exoaq1_AssemblyScaffolds_Repeatmasked.fasta.gz	Exoaq1	Exophiala aquamarina CBS 119918
858893	Exode1_AssemblyScaffolds_Repeatmasked.fasta.gz	Exode1	Exophiala dermatitidis NIH/UT8656
212818	Exome1_AssemblyScaffolds_Repeatmasked.fasta.gz	Exome1	Exophiala mesophila
215243	Exool1_AssemblyScaffolds_Repeatmasked.fasta.gz	Exool1	Exophiala oligosperma
1016849	Exosi1_AssemblyScaffolds_Repeatmasked.fasta.gz	Exosi1	Exophiala sideris
91928	Exosp1_AssemblyScaffolds_Repeatmasked.fasta.gz	Exosp1	Exophiala spinifera
348802	Exoxe1_AssemblyScaffolds_Repeatmasked.fasta.gz	Exoxe1	Exophiala xenobiotica
5610	Felpe1_AssemblyScaffolds_Repeatmasked.fasta.gz	Felpe1	Fellomyces penicillatus
914049	Fenfe1_AssemblyScaffolds_Repeatmasked.fasta.gz	Fenfe1	Fenestella fenestrata
1329386	Fenlin1_AssemblyScaffolds_Repeatmasked.fasta.gz	Fenlin1	Fennellomyces sp. T-0311
1078123	Fibra1_AssemblyScaffolds_Repeatmasked.fasta.gz	Fibra1	Fibroporia radiculosa TFFH 294
57688	Fibin1_AssemblyScaffolds_Repeatmasked.fasta.gz	Fibin1	Fibulobasidium inconspicuum
436010	Fibsp1_AssemblyScaffolds_Repeatmasked.fasta.gz	Fibsp1	Fibularhizoctonia sp. CBS 109695
1128425	Fishe1_AssemblyScaffolds_Repeatmasked.fasta.gz	Fishe1	Fistulina hepatica ATCC 64428
40442	Fomfom1_AssemblyScaffolds_Repeatmasked.fasta.gz	Fomfom1	Fomes fomentarius
694068	Fomme1_AssemblyScaffolds_Repeatmasked.fasta.gz	Fomme1	Fomitiporia mediterranea MF3/22
40450	Pipbet1_1_AssemblyScaffolds_Repeatmasked.fasta.gz	Pipbet1_1	Piptoporus betulinus
40483	Fompi3_AssemblyScaffolds_Repeatmasked.fasta.gz	Fompi3	Fomitopsis pinicola
34475	Fomro1_AssemblyScaffolds_Repeatmasked.fasta.gz	Fomro1	Fomitopsis rosea
254056	Fonmo1_AssemblyScaffolds_Repeatmasked.fasta.gz	Fonmo1	Fonsecaea monophora
1442371	Fonmu1_AssemblyScaffolds_Repeatmasked.fasta.gz	Fonmu1	Fonsecaea multimorphosa CBS 102226
856822	Fonnu1_AssemblyScaffolds_Repeatmasked.fasta.gz	Fonnu1	Fonsecaea nubica
1442368	Fonpe1_AssemblyScaffolds_Repeatmasked.fasta.gz	Fonpe1	Fonsecaea pedrosoi CBS 271.37
249398	Fusco1_AssemblyScaffolds_Repeatmasked.fasta.gz	Fusco1	Fusarium commune
61235	Fuseq1_AssemblyScaffolds_Repeatmasked.fasta.gz	Fuseq1	Fusarium equiseti
1279085	Fusfu1_AssemblyScaffolds_Repeatmasked.fasta.gz	Fusfu1	Fusarium fujikuroi IMI 58289
5518	Fusgr1_AssemblyScaffolds_Repeatmasked.fasta.gz	Fusgr1	Fusarium graminearum
5507	Fusoxy1_AssemblyScaffolds_Repeatmasked.fasta.gz	Fusoxy1	Fusarium oxysporum
426428	Fusox2_AssemblyScaffolds_Repeatmasked.fasta.gz	Fusox2	Fusarium oxysporum f. sp. lycopersici 4287
1028729	Fusps1_AssemblyScaffolds_Repeatmasked.fasta.gz	Fusps1	Fusarium pseudograminearum CS3096
48865	Fusre1_AssemblyScaffolds_Repeatmasked.fasta.gz	Fusre1	Fusarium redolens
169388	Fusso1_AssemblyScaffolds_Repeatmasked.fasta.gz	Fusso1	Fusarium solani
334819	Fusve2_AssemblyScaffolds_Repeatmasked.fasta.gz	Fusve2	Fusarium verticillioides 7600
109897	Gaesem1_AssemblyScaffolds_Repeatmasked.fasta.gz	Gaesem1	Gaertneriomyces semiglobifer
644352	Gaegr1_AssemblyScaffolds_Repeatmasked.fasta.gz	Gaegr1	Gaeumannomyces tritici R3-111a-1
685588	Galma1_AssemblyScaffolds_Repeatmasked.fasta.gz	Galma1	Galerina marginata CBS 339.88
767862	Gansp1_AssemblyScaffolds_Repeatmasked.fasta.gz	Gansp1	Ganoderma sp. 10597 SS1
112417	Gaumor1_1_AssemblyScaffolds_Repeatmasked.fasta.gz	Gaumor1_1	Gautieria morchelliformis
94610	Gelte1_AssemblyScaffolds_Repeatmasked.fasta.gz	Gelte1	Neurospora tetraspora
101096	Gilper1_AssemblyScaffolds_Repeatmasked.fasta.gz	Gilper1	Gilbertella persicaria
1116229	Glalo1_AssemblyScaffolds_Repeatmasked.fasta.gz	Glalo1	Glarea lozoyensis ATCC 20868
382532	Glopol1_AssemblyScaffolds_Repeatmasked.fasta.gz	Glopol1	Globomyces pollinis-pini
205761	Glocon1_AssemblyScaffolds_Repeatmasked.fasta.gz	Glocon1	Gloeopeniophorella convolvens
670483	Glotr1_1_AssemblyScaffolds_Repeatmasked.fasta.gz	Glotr1_1	Gloeophyllum trabeum ATCC 11539
710243	Gloac1_AssemblyScaffolds_Repeatmasked.fasta.gz	Gloac1	Colletotrichum fioriniae
474922	Gloci1_AssemblyScaffolds_Repeatmasked.fasta.gz	Gloci1	Colletotrichum gloeosporioides
574774	Glost2_AssemblyScaffolds_Repeatmasked.fasta.gz	Glost2	Glonium stellatum
62708	Golci1_AssemblyScaffolds_Repeatmasked.fasta.gz	Golci1	Golovinomyces cichoracearum
1123529	Ganpr1_AssemblyScaffolds_Repeatmasked.fasta.gz	Ganpr1	Gonapodya prolifera
101105	Gonbut1_AssemblyScaffolds_Repeatmasked.fasta.gz	Gonbut1	Gongronella butleri
127520	Greab1_AssemblyScaffolds_Repeatmasked.fasta.gz	Greab1	Gremmeniella abietina
655863	Grocl1_AssemblyScaffolds_Repeatmasked.fasta.gz	Grocl1	Grosmannia clavigera kw1407
856835	Guyne1_AssemblyScaffolds_Repeatmasked.fasta.gz	Guyne1	Guyanagaster necrorhizus
1149896	Gymau1_AssemblyScaffolds_Repeatmasked.fasta.gz	Gymau1	Gymnascella aurantiaca NRRL 5967
37245	Gymci1_1_AssemblyScaffolds_Repeatmasked.fasta.gz	Gymci1_1	Gymnascella citrina
1314804	Gymch1_AssemblyScaffolds_Repeatmasked.fasta.gz	Gymch1	Gymnopilus chrysopellus
109634	Gymjun1_AssemblyScaffolds_Repeatmasked.fasta.gz	Gymjun1	Gymnopilus junonius
1447940	Gyman1_AssemblyScaffolds_Repeatmasked.fasta.gz	Gyman1	Gymnopus androsaceus
236213	Gymear1_AssemblyScaffolds_Repeatmasked.fasta.gz	Gymear1	Gymnopus earleae
944289	Gymlu1_AssemblyScaffolds_Repeatmasked.fasta.gz	Gymlu1	Gymnopus luxurians FD-317 M1
85971	Gyrli1_AssemblyScaffolds_Repeatmasked.fasta.gz	Gyrli1	Gyrodon lividus
33161	Gyresc1_AssemblyScaffolds_Repeatmasked.fasta.gz	Gyresc1	Gyromitra esculenta
101107	Halrad1_AssemblyScaffolds_Repeatmasked.fasta.gz	Halrad1	Halteromyces radiatus
53685	Hanva1_1_AssemblyScaffolds_Repeatmasked.fasta.gz	Hanva1_1	Hanseniaspora valbyensis
686832	Hebcy2_AssemblyScaffolds_Repeatmasked.fasta.gz	Hebcy2	Hebeloma cylindrosporum h7
5364	Helsul1_AssemblyScaffolds_Repeatmasked.fasta.gz	Helsul1	Heliocybe sulcata
1907527	Herpot1_1_AssemblyScaffolds_Repeatmasked.fasta.gz	Herpot1_1	Herpotrichia sp. AK1299
101127	Hesve2finisherSC_AssemblyScaffolds_Repeatmasked.fasta.gz	Hesve2finisherSC	Hesseltinella vesiculosa
747525	Heterobasidion_annosum.allmasked.gz	Hetan2	Heterobasidion irregulare TC 32-1
1397325	Hetpy1_AssemblyScaffolds_Repeatmasked.fasta.gz	Hetpy1	Heterogastridium pycnidioideum ATCC MYA-4631
1140402	Hexnit1_AssemblyScaffolds_Repeatmasked.fasta.gz	Hexnit1	Hexagonia nitida
339724	Hisca1_AssemblyScaffolds_Repeatmasked.fasta.gz	Hisca1	Histoplasma capsulatum NAm1
1142505	Hompol1_AssemblyScaffolds_Repeatmasked.fasta.gz	Hompol1	Homolaphlyctis polyrhiza
245834	Horac1_AssemblyScaffolds_Repeatmasked.fasta.gz	Horac1	Neohortaea acidophila
91943	Horwer1_AssemblyScaffolds_Repeatmasked.fasta.gz	Horwer1	Hortaea werneckii
138530	Hyabl1_AssemblyScaffolds_Repeatmasked.fasta.gz	Hyabl1	Hyalopycnis blepharistoma
82268	Hyacur1_AssemblyScaffolds_Repeatmasked.fasta.gz	Hyacur1	Hyaloraphidium curvatum
994086	Hydpi2_AssemblyScaffolds_Repeatmasked.fasta.gz	Hydpi2	Hydnomerulius pinastri MD-312
378272	Hydfim1_AssemblyScaffolds_Repeatmasked.fasta.gz	Hydfim1	Hydnopolyporus fimbriatus
139363	Hydru2_AssemblyScaffolds_Repeatmasked.fasta.gz	Hydru2	Hydnum rufescens
72124	Hygaur1_AssemblyScaffolds_Repeatmasked.fasta.gz	Hygaur1	Hygrophoropsis aurantiaca
937743	Hymrad1_AssemblyScaffolds_Repeatmasked.fasta.gz	Hymrad1	Hymenopellis radicata
354079	Hymvar1_AssemblyScaffolds_Repeatmasked.fasta.gz	Hymvar1	Hymenoscyphus varicosporoides
945553	Hypsu1_AssemblyScaffolds_Repeatmasked.fasta.gz	Hypsu1	Hypholoma sublateritium FD-334 SS-4
984485	Hypbu1_AssemblyScaffolds_Repeatmasked.fasta.gz	Hypbu1	Hyphopichia burtonii NRRL Y-1933
1001833	HypCI4A_1_AssemblyScaffolds_Repeatmasked.fasta.gz	HypCI4A_1	Hypoxylon sp. CI-4A
1001938	HypCO275_1_AssemblyScaffolds_Repeatmasked.fasta.gz	HypCO275_1	Hypoxylon sp. CO27-5
1001937	HypEC38_3_AssemblyScaffolds_Repeatmasked.fasta.gz	HypEC38_3	Hypoxylon sp. EC38
100027	Hyspu1_1_AssemblyScaffolds_Repeatmasked.fasta.gz	Hyspu1_1	Hysterium pulicare
1079114	Ilyeu1_AssemblyScaffolds_Repeatmasked.fasta.gz	Ilyeu1	Ilyonectria europaea
1079257	Ilyrob1_AssemblyScaffolds_Repeatmasked.fasta.gz	Ilyrob1	Ilyonectria robusta
1079114	Ilysp1_AssemblyScaffolds_Repeatmasked.fasta.gz	Ilysp1	Ilyonectria europaea
5319	Irplac1_AssemblyScaffolds_Repeatmasked.fasta.gz	Irplac1	Irpex lacteus
933084	Jaaar1_AssemblyScaffolds_Repeatmasked.fasta.gz	Jaaar1	Jaapia argillacea MUCL 33604
1569628	Jamsp1_AssemblyScaffolds_Repeatmasked.fasta.gz	Jamsp1	Jaminaea rosea
139406	Kalpfe1_AssemblyScaffolds_Repeatmasked.fasta.gz	Kalpfe1	Kalaharituber pfeilii
1392251	Karrh1_AssemblyScaffolds_Repeatmasked.fasta.gz	Karrh1	Karstenula rhodostoma CBS 690.94
1071382	Kazaf1_AssemblyScaffolds_Repeatmasked.fasta.gz	Kazaf1	Kazachstania africana CBS 2517
668251	Khuory1_AssemblyScaffolds_Repeatmasked.fasta.gz	Khuory1	Khuskia oryzae
61397	Kicala1_AssemblyScaffolds_Repeatmasked.fasta.gz	Kicala1	Kickxella alabastrina
284590	Klula1_AssemblyScaffolds_Repeatmasked.fasta.gz	Klula1	Kluyveromyces lactis NRRL Y-1140
4999	Kocim1_AssemblyScaffolds_Repeatmasked.fasta.gz	Kocim1	Kockovaella imperatae
1382522	Kurca1_AssemblyScaffolds_Repeatmasked.fasta.gz	Kurca1	Kuraishia capsulata CBS 1993
1095629	Lacam2_AssemblyScaffolds_Repeatmasked.fasta.gz	Lacam2	Laccaria amethystina LaAM-08-1
29883	Lacbi2_AssemblyScaffolds_Repeatmasked.fasta.gz	Lacbi2	Laccaria bicolor
111141	Lacqui1_AssemblyScaffolds_Repeatmasked.fasta.gz	Lacqui1	Lactarius quietus
1837270	Lacsub1_AssemblyScaffolds_Repeatmasked.fasta.gz	Lacsub1	Lactifluus subvellereus
71967	Lacvol1_AssemblyScaffolds_Repeatmasked.fasta.gz	Lacvol1	Lactarius volemus
1314785	Laesu1_AssemblyScaffolds_Repeatmasked.fasta.gz	Laesu1	Laetiporus sulphureus 93-53
2184036	Bombar1_AssemblyScaffolds_Repeatmasked.fasta.gz	Bombar1	Lasiosphaeriaceae sp. AZ0830
92901	Lasmin1_AssemblyScaffolds_Repeatmasked.fasta.gz	Lasmin1	Lasiosphaeria
92902	Lasov1_AssemblyScaffolds_Repeatmasked.fasta.gz	Lasov1	Lasiosphaeria ovina
260670	Lashir1_AssemblyScaffolds_Repeatmasked.fasta.gz	Lashir1	Lasiosphaeris hirsuta
260671	Lashi1_AssemblyScaffolds_Repeatmasked.fasta.gz	Lashi1	Lasiosphaeria hispida
1884255	LecAK0013_1_AssemblyScaffolds_Repeatmasked.fasta.gz	LecAK0013_1	Coniochaeta sp. AK0013
1391043	Tralac1_AssemblyScaffolds_Repeatmasked.fasta.gz	Tralac1	Leiotrametes lactinea
2136021	Tramen1_AssemblyScaffolds_Repeatmasked.fasta.gz	Tramen1	Leiotrametes menziesii
1513325	Leisp1_AssemblyScaffolds_Repeatmasked.fasta.gz	Leisp1	Leiotrametes sp. BRFM 1775
156609	Lenvul1_AssemblyScaffolds_Repeatmasked.fasta.gz	Lenvul1	Lentinellus vulpinus
40482	Lenafn1_AssemblyScaffolds_Repeatmasked.fasta.gz	Lenafn1	Lentinula lateritia
5353	Lenedo1_AssemblyScaffolds_Repeatmasked.fasta.gz	Lenedo1	Lentinula edodes
40482	Lenlat1_AssemblyScaffolds_Repeatmasked.fasta.gz	Lenlat1	Lentinula lateritia
153919	Lenrap1_AssemblyScaffolds_Repeatmasked.fasta.gz	Lenrap1	Lentinula raphanica
1328759	Lenti6_1_AssemblyScaffolds_Repeatmasked.fasta.gz	Lenti6_1	Lentinus tigrinus ALCF2SS1-6
1328758	Lenti7_1_AssemblyScaffolds_Repeatmasked.fasta.gz	Lenti7_1	Lentinus tigrinus ALCF2SS1-7
5365	Sisbr1_AssemblyScaffolds_Repeatmasked.fasta.gz	Sisbr1	Lentinus tigrinus
690899	Lenfl1_AssemblyScaffolds_Repeatmasked.fasta.gz	Lenfl1	Lentithecium fluviatile
1709938	Phimu1_AssemblyScaffolds_Repeatmasked.fasta.gz	Phimu1	Leotiomycetes sp.
741139	Leppa1_AssemblyScaffolds_Repeatmasked.fasta.gz	Leppa1	Lepidopterella palustris
64659	Lepnud1_AssemblyScaffolds_Repeatmasked.fasta.gz	Lepnud1	Lepista nuda
75374	Lepor2_AssemblyScaffolds_Repeatmasked.fasta.gz	Lepor2	Leptodontidium
1485227	Leptod1_AssemblyScaffolds_Repeatmasked.fasta.gz	Leptod1	Leptodontidium sp. 2 PMI_412
985895	Lepmu1_AssemblyScaffolds_Repeatmasked.fasta.gz	Lepmu1	Leptosphaeria maculans JN3
1258663	Leugo1_1_AssemblyScaffolds_Repeatmasked.fasta.gz	Leugo1_1	Leucoagaricus gongylophorus Ac12
85980	Leumo1_AssemblyScaffolds_Repeatmasked.fasta.gz	Leumo1	Leucogyrophana mollusca
106004	Leucr1_AssemblyScaffolds_Repeatmasked.fasta.gz	Leucr1	Leucosporidium creatinivorum
1263082	Liccor1_AssemblyScaffolds_Repeatmasked.fasta.gz	Liccor1	Lichtheimia corymbifera JMRC:FSU:9682
420593	Lichy1_AssemblyScaffolds_Repeatmasked.fasta.gz	Lichy1	Lichtheimia hyalospora
61395	Linpe1_AssemblyScaffolds_Repeatmasked.fasta.gz	Linpe1	Linderina pennispora
673940	Linin1_AssemblyScaffolds_Repeatmasked.fasta.gz	Linin1	Lindgomyces ingoldianus
45816	Linth1_AssemblyScaffolds_Repeatmasked.fasta.gz	Linth1	Lindra thalassiae
578093	Linrh1_AssemblyScaffolds_Repeatmasked.fasta.gz	Linrh1	Lineolata rhizophorae
29829	Lipst1_1_AssemblyScaffolds_Repeatmasked.fasta.gz	Lipst1_1	Lipomyces starkeyi
1496277	Lizem1_AssemblyScaffolds_Repeatmasked.fasta.gz	Lizem1	Lizonia empirigonia
86794	LobpulAf1_AssemblyScaffolds_Repeatmasked.fasta.gz	LobpulAf1	Lobaria pulmonaria
86794	LobpulSc1_AssemblyScaffolds_Repeatmasked.fasta.gz	LobpulSc1	Lobaria pulmonaria
86794	Lobpul1_AssemblyScaffolds_Repeatmasked.fasta.gz	Lobpul1	Lobaria pulmonaria
86794	LobpulSp1_AssemblyScaffolds_Repeatmasked.fasta.gz	LobpulSp1	Lobaria pulmonaria
86794	LobpulSw1_AssemblyScaffolds_Repeatmasked.fasta.gz	LobpulSw1	Lobaria pulmonaria
64571	Lobtra1_AssemblyScaffolds_Repeatmasked.fasta.gz	Lobtra1	Lobosporangium transversale
379508	Lodelo1_AssemblyScaffolds_Repeatmasked.fasta.gz	Lodelo1	Lodderomyces elongisporus NRRL YB-4239
151671	Lolmi1_AssemblyScaffolds_Repeatmasked.fasta.gz	Lolmi1	Lollipopaia minuta
1314788	Lopma1_AssemblyScaffolds_Repeatmasked.fasta.gz	Lopma1	Lophiostoma macrostomum CBS 122681
690887	Lopnu1_AssemblyScaffolds_Repeatmasked.fasta.gz	Lopnu1	Lophiotrema nucula
390894	Lopmy1_AssemblyScaffolds_Repeatmasked.fasta.gz	Lopmy1	Lophium mytilinum
190466	Lopnit1_1_AssemblyScaffolds_Repeatmasked.fasta.gz	Lopnit1_1	Lophodermium nitens
132173	Lorju1_AssemblyScaffolds_Repeatmasked.fasta.gz	Lorju1	Loramyces juncicola
380016	Lorma1_AssemblyScaffolds_Repeatmasked.fasta.gz	Lorma1	Loramyces macrosporus
90686	Lycper1_AssemblyScaffolds_Repeatmasked.fasta.gz	Lycper1	Lycoperdon perlatum
1400762	Macfu1_AssemblyScaffolds_Repeatmasked.fasta.gz	Macfu1	Macrolepiota fuliginosa MF-IS2
35725	Macpha1_AssemblyScaffolds_Repeatmasked.fasta.gz	Macpha1	Macrophomina phaseolina
1126212	Macph1_AssemblyScaffolds_Repeatmasked.fasta.gz	Macph1	Macrophomina phaseolina MS6
301207	Macan1_AssemblyScaffolds_Repeatmasked.fasta.gz	Macan1	Macroventuria anomochaeta
242507	Maggr1_AssemblyScaffolds_Repeatmasked.fasta.gz	Maggr1	Magnaporthe oryzae 70-15
644358	Magpo1_AssemblyScaffolds_Repeatmasked.fasta.gz	Magpo1	Magnaporthiopsis poae ATCC 64411
425265	Malassezia_globosa.masked.fasta.gz	Malgl1	Malassezia globosa CBS 7966
1230383	Malsy1_1_AssemblyScaffolds_Repeatmasked.fasta.gz	Malsy1_1	Malassezia sympodialis ATCC 42132
1328755	Marfi1_AssemblyScaffolds_Repeatmasked.fasta.gz	Marfi1	Marasmius fiardii
1896173	MarPMI226_AssemblyScaffolds_Repeatmasked.fasta.gz	MarPMI226	Mariannaea sp. PMI_226
1072389	Marbr1_AssemblyScaffolds_Repeatmasked.fasta.gz	Marbr1	Marssonina brunnea f. sp. 'multigermtubi' MB_m1
61414	Marpt1_AssemblyScaffolds_Repeatmasked.fasta.gz	Marpt1	Martensiomyces pterosporus
1395130	Maseb1_AssemblyScaffolds_Repeatmasked.fasta.gz	Maseb1	Massarina eburnea CBS 473.64
100035	Masph1_AssemblyScaffolds_Repeatmasked.fasta.gz	Masph1	Massariosphaeria phaeospora
1280837	Meimi1_AssemblyScaffolds_Repeatmasked.fasta.gz	Meimi1	Meira miltonrushii
242475	Melap1finSC_191_AssemblyScaffolds_Repeatmasked.fasta.gz	Melap1finSC_191	Melampsora allii-populina
203908	Mellp2_3_AssemblyScaffolds_Repeatmasked.fasta.gz	Mellp2_3	Melampsora larici-populina
5261	Melli1_AssemblyScaffolds_Repeatmasked.fasta.gz	Melli1	Melampsora lini
1155946	Melsp1_AssemblyScaffolds_Repeatmasked.fasta.gz	Melsp1	Melanconium sp. 1 NRRL 54901
100047	Melpu1_AssemblyScaffolds_Repeatmasked.fasta.gz	Melpu1	Melanomma pulvis-pyrius
371115	Meltu1_AssemblyScaffolds_Repeatmasked.fasta.gz	Meltu1	Melanops tulasnei
2038071	Melti1_AssemblyScaffolds_Repeatmasked.fasta.gz	Melti1	Melanospora tiffanyae
84746	Melen1_AssemblyScaffolds_Repeatmasked.fasta.gz	Melen1	Melanotaenium endogenum
1095630	Melbi2_AssemblyScaffolds_Repeatmasked.fasta.gz	Melbi2	Meliniomyces bicolor E
313359	Melva1_AssemblyScaffolds_Repeatmasked.fasta.gz	Melva1	Hyaloscypha variabilis
1323573	Mereb1_AssemblyScaffolds_Repeatmasked.fasta.gz	Mereb1	Meredithblackwellia eburnea
655827	Metac1_AssemblyScaffolds_Repeatmasked.fasta.gz	Metac1	Metarhizium acridum CQMa 102
655844	Metro1_AssemblyScaffolds_Repeatmasked.fasta.gz	Metro1	Metarhizium robertsii ARSEF 23
869754	Metbi1_AssemblyScaffolds_Repeatmasked.fasta.gz	Metbi1	Metschnikowia bicuspidata var. bicuspidata NRRL YB-4993
27322	Metbi_SCcomb_AssemblyScaffolds_Repeatmasked.fasta.gz	Metbi_SCcomb	Metschnikowia bicuspidata
178747	Metfru2_AssemblyScaffolds_Repeatmasked.fasta.gz	Metfru2	Metschnikowia fructicola
294746	Meygui1_AssemblyScaffolds_Repeatmasked.fasta.gz	Meygui1	Meyerozyma guilliermondii ATCC 6260
36921	Mictr1_AssemblyScaffolds_Repeatmasked.fasta.gz	Mictr1	Microascus trigonosporus
683840	Micld1_AssemblyScaffolds_Repeatmasked.fasta.gz	Micld1	Microbotryum lychnidis-dioicae p1A1 Lamole
683840	Micvi1_AssemblyScaffolds_Repeatmasked.fasta.gz	Micvi1	Microbotryum lychnidis-dioicae p1A1 Lamole
196109	Micbo1_AssemblyScaffolds_Repeatmasked.fasta.gz	Micbo1	Microdochium bolleyi
1682393	Mictri1_AssemblyScaffolds_Repeatmasked.fasta.gz	Mictri1	Microdochium trichocladiopsis
554155	Micca1_AssemblyScaffolds_Repeatmasked.fasta.gz	Micca1	Microsporum canis CBS 113480
703497	Micmi1_AssemblyScaffolds_Repeatmasked.fasta.gz	Micmi1	Microthyrium microscopicum
34349	Mixos1_AssemblyScaffolds_Repeatmasked.fasta.gz	Mixos1	Mixia osmundae
1391700	Moeaph1_AssemblyScaffolds_Repeatmasked.fasta.gz	Moeaph1	Moesziomyces aphidis DSM 70725
1284197	Monha1_AssemblyScaffolds_Repeatmasked.fasta.gz	Monha1	Dactylellina haptotyla CBS 200.50
1149898	Monpu1_AssemblyScaffolds_Repeatmasked.fasta.gz	Monpu1	Monascus purpureus NRRL 1596
1155947	Monru1_AssemblyScaffolds_Repeatmasked.fasta.gz	Monru1	Monascus ruber NRRL 1597
1954213	Monili2_AssemblyScaffolds_Repeatmasked.fasta.gz	Monili2	Moniliella sp. MCA 3643
554373	Monpe1_1_AssemblyScaffolds_Repeatmasked.fasta.gz	Monpe1_1	Moniliophthora perniciosa FA553
1174673	Morco1_AssemblyScaffolds_Repeatmasked.fasta.gz	Morco1	Morchella importuna
1174673	Morimp1_AssemblyScaffolds_Repeatmasked.fasta.gz	Morimp1	Morchella importuna
1174678	Morsny1_AssemblyScaffolds_Repeatmasked.fasta.gz	Morsny1	Morchella snyderi
310910	Morel2_AssemblyScaffolds_Repeatmasked.fasta.gz	Morel2	Mortierella elongata
310910	Morel_U14_1_AssemblyScaffolds_Repeatmasked.fasta.gz	Morel_U14_1	Mortierella elongata
101098	Mormul1_AssemblyScaffolds_Repeatmasked.fasta.gz	Mormul1	Gamsiella multidivaricata
1069443	Morve1_AssemblyScaffolds_Repeatmasked.fasta.gz	Morve1	Mortierella verticillata NRRL 6337
29902	Mrafri1_AssemblyScaffolds_Repeatmasked.fasta.gz	Mrafri1	Mrakia frigida
36080	Mucor_circinelloides_v2_masked_scaffolds.fasta.gz	Mucci2	Mucor circinelloides
101140	Kircor1_AssemblyScaffolds_Repeatmasked.fasta.gz	Kircor1	Kirkomyces cordense
101122	Zyghet1_AssemblyScaffolds_Repeatmasked.fasta.gz	Zyghet1	Mucor heterogamus
376703	Muloch1_AssemblyScaffolds_Repeatmasked.fasta.gz	Muloch1	Multifurca ochricompacta
288524	Mutel1_AssemblyScaffolds_Repeatmasked.fasta.gz	Mutel1	Mutinus elegans
1149848	Mychet1_AssemblyScaffolds_Repeatmasked.fasta.gz	Mychet1	Thermothelomyces heterothallica CBS 202.75
1149786	Myche1_AssemblyScaffolds_Repeatmasked.fasta.gz	Myche1	Thermothelomyces heterothallica
573729	Spoth2_AssemblyScaffolds_Repeatmasked.fasta.gz	Spoth2	Thermothelomyces thermophila ATCC 42464
1033008	Mycalb1_AssemblyScaffolds_Repeatmasked.fasta.gz	Mycalb1	Mycena albidolilacea
1745969	Mycale1_AssemblyScaffolds_Repeatmasked.fasta.gz	Mycale1	Mycena alexandri
380012	Mycami1_AssemblyScaffolds_Repeatmasked.fasta.gz	Mycami1	Mycena amicta
1033014	Mycbel1_AssemblyScaffolds_Repeatmasked.fasta.gz	Mycbel1	Mycena belliae
230804	Mycrub1_AssemblyScaffolds_Repeatmasked.fasta.gz	Mycrub1	Mycena capillaripes
220801	Myccro1_AssemblyScaffolds_Repeatmasked.fasta.gz	Myccro1	Mycena crocata
230806	Mycepi1_AssemblyScaffolds_Repeatmasked.fasta.gz	Mycepi1	Mycena epipterygia
858877	Mycfil1_AssemblyScaffolds_Repeatmasked.fasta.gz	Mycfil1	Mycena filopes
1033242	Mycflo1_AssemblyScaffolds_Repeatmasked.fasta.gz	Mycflo1	Mycena floridula
1314675	Mycgal1_AssemblyScaffolds_Repeatmasked.fasta.gz	Mycgal1	Mycena galopus ATCC 62051
230807	Mychae1_AssemblyScaffolds_Repeatmasked.fasta.gz	Mychae1	Mycena haematopus
1045383	Mycreb1_AssemblyScaffolds_Repeatmasked.fasta.gz	Mycreb1	Mycena rebaudengoi
1033263	Mycros1_AssemblyScaffolds_Repeatmasked.fasta.gz	Mycros1	Mycena rosella
230812	Mycsan1_AssemblyScaffolds_Repeatmasked.fasta.gz	Mycsan1	Mycena sanguinolenta
1940295	Myc59_1_AssemblyScaffolds_Repeatmasked.fasta.gz	Myc59_1	Mycena sp. CBHHK59/15
1033281	Mycvit1_AssemblyScaffolds_Repeatmasked.fasta.gz	Mycvit1	Mycena vitilis
1047171	Mycosphaerella_graminicola.allmasked.gz	Mycgr3	Zymoseptoria tritici
64632	Mycafr1_AssemblyScaffolds_Repeatmasked.fasta.gz	Mycafr1	Mycotypha africana
147570	Myrdu1_AssemblyScaffolds_Repeatmasked.fasta.gz	Myrdu1	Myriangium duriaei
110576	Myrin1_AssemblyScaffolds_Repeatmasked.fasta.gz	Myrin1	Myrothecium inundatum
574789	Mytre1_AssemblyScaffolds_Repeatmasked.fasta.gz	Mytre1	Mytilinidion resinicola
857566	Nadfu1_AssemblyScaffolds_Repeatmasked.fasta.gz	Nadfu1	Nadsonia fulvescens var. elongata DSM 6958
1397326	Naifl1_AssemblyScaffolds_Repeatmasked.fasta.gz	Naifl1	Classicula fluitans ATCC 64713
51660	Nakbac1_AssemblyScaffolds_Repeatmasked.fasta.gz	Nakbac1	Nakaseomyces bacillisporus
51657	Nakdel1_AssemblyScaffolds_Repeatmasked.fasta.gz	Nakdel1	Nakaseomyces delphensis
112072	Naose1_AssemblyScaffolds_Repeatmasked.fasta.gz	Naose1	Naohidea sebacea
660122	Necha2_masked_scaffolds.fasta.gz	Necha2	[Nectria] haematococca mpVI 77-13-4
881290	Nempa1_AssemblyScaffolds_Repeatmasked.fasta.gz	Nempa1	Nematocida parisii ERTm1
1754190	Neosp1_AssemblyScaffolds_Repeatmasked.fasta.gz	Neosp1	Neocallimastix californiae
1287680	Neopa1_AssemblyScaffolds_Repeatmasked.fasta.gz	Neopa1	Neofusicoccum parvum UCRNP2
48691	Neoirr1_AssemblyScaffolds_Repeatmasked.fasta.gz	Neoirr1	Neolecta irregularis
1314782	Neole1_AssemblyScaffolds_Repeatmasked.fasta.gz	Neole1	Neolentinus lepideus HHB14362 ss-1
78410	Neodi1_AssemblyScaffolds_Repeatmasked.fasta.gz	Neodi1	Neonectria ditissima
331117	Neofi1_AssemblyScaffolds_Repeatmasked.fasta.gz	Neofi1	Aspergillus fischeri NRRL 181
5141	Neucr_trp3_1_AssemblyScaffolds_Repeatmasked.fasta.gz	Neucr_trp3_1	Neurospora crassa
367110	Neucr2_AssemblyScaffolds_Repeatmasked.fasta.gz	Neucr2	Neurospora crassa OR74A
5141	Neucr4830_1_AssemblyScaffolds_Repeatmasked.fasta.gz	Neucr4830_1	Neurospora crassa
510953	Neurospora_discreta.allmasked.gz	Neudi1	Neurospora discreta FGSC 8579
588809	Neuhi1_AssemblyScaffolds_Repeatmasked.fasta.gz	Neuhi1	Neurospora hispaniola
510952	Neurospora_tetrasperma_mata.allmasked.gz	Neute_mat_a1	Neurospora tetrasperma FGSC 2509
267680	Nieex1_AssemblyScaffolds_Repeatmasked.fasta.gz	Nieex1	Niesslia exilis
578460	Nosce1_AssemblyScaffolds_Repeatmasked.fasta.gz	Nosce1	Nosema ceranae BRL01
1052685	Obbri1_AssemblyScaffolds_Repeatmasked.fasta.gz	Obbri1	Obba rivulosa
110081	Obemuc1_AssemblyScaffolds_Repeatmasked.fasta.gz	Obemuc1	Obelidium mucronatum
871575	Ogapa1_AssemblyScaffolds_Repeatmasked.fasta.gz	Ogapa1	Ogataea parapolymorpha DL-1
638633	Hanpo2_AssemblyScaffolds_Repeatmasked.fasta.gz	Hanpo2	Ogataea polymorpha NCYC 495 leu1.1
913774	Oidma1_AssemblyScaffolds_Repeatmasked.fasta.gz	Oidma1	Oidiodendron maius Zn
1026881	Olipa1_AssemblyScaffolds_Repeatmasked.fasta.gz	Olipa1	Oliveonia pauxilla
1128401	Ompol1_AssemblyScaffolds_Repeatmasked.fasta.gz	Ompol1	Omphalotus olearius VT 653.13
1496296	Onnsc1_AssemblyScaffolds_Repeatmasked.fasta.gz	Onnsc1	Onnia scaura
1469910	Ophdi1_AssemblyScaffolds_Repeatmasked.fasta.gz	Ophdi1	Ophiobolus disseminans
1224258	Ophnu1_AssemblyScaffolds_Repeatmasked.fasta.gz	Ophnu1	Ophiostoma novo-ulmi subsp. novo-ulmi H327
1262450	Ophpic1_AssemblyScaffolds_Repeatmasked.fasta.gz	Ophpic1	Ophiostoma piceae UAMH 11346
38032	Ophpi1_AssemblyScaffolds_Repeatmasked.fasta.gz	Ophpi1	Ophiostoma piliferum
1117330	Orpsp1_1_AssemblyScaffolds_Repeatmasked.fasta.gz	Orpsp1_1	Pecoramyces ruminatium
139077	Oudmuc1_AssemblyScaffolds_Repeatmasked.fasta.gz	Oudmuc1	Mucidula mucida
669874	Pacta1_2_AssemblyScaffolds_Repeatmasked.fasta.gz	Pacta1_2	Pachysolen tannophilus NRRL Y-2460
5093	Bysni1_AssemblyScaffolds_Repeatmasked.fasta.gz	Bysni1	Byssochlamys nivea
264951	Paevar1_AssemblyScaffolds_Repeatmasked.fasta.gz	Paevar1	Byssochlamys spectabilis
330517	Panpap1_AssemblyScaffolds_Repeatmasked.fasta.gz	Panpap1	Panaeolus papilionaceus
5636	Panst_KUC8834_1_1_AssemblyScaffolds_Repeatmasked.fasta.gz	Panst_KUC8834_1_1	Panellus stipticus
5636	Panst_LUM_1_1_AssemblyScaffolds_Repeatmasked.fasta.gz	Panst_LUM_1_1	Panellus stipticus
48022	Panru1_AssemblyScaffolds_Repeatmasked.fasta.gz	Panru1	Panus rudis
482561	Parbr1_AssemblyScaffolds_Repeatmasked.fasta.gz	Parbr1	Paracoccidioides brasiliensis Pb03
502780	Parbra1_AssemblyScaffolds_Repeatmasked.fasta.gz	Parbra1	Paracoccidioides brasiliensis Pb18
1460663	Parsp1_AssemblyScaffolds_Repeatmasked.fasta.gz	Parsp1	Paraphaeosphaeria sporulosa
798071	Parch1_AssemblyScaffolds_Repeatmasked.fasta.gz	Parch1	Paraphoma chrysanthemicola
1500003	Parsed1_AssemblyScaffolds_Repeatmasked.fasta.gz	Parsed1	Paraphysoderma sedebokerense
35722	Parpar1_AssemblyScaffolds_Repeatmasked.fasta.gz	Parpar1	Parasitella parasitica
1346257	Patat1_AssemblyScaffolds_Repeatmasked.fasta.gz	Patat1	Patellaria atrata CBS 101060
463315	Paxru2_AssemblyScaffolds_Repeatmasked.fasta.gz	Paxru2	Paxillus rubicundulus
1132860	Paxam1_AssemblyScaffolds_Repeatmasked.fasta.gz	Paxam1	Paxillus ammoniavirescens
664439	Paxin1_AssemblyScaffolds_Repeatmasked.fasta.gz	Paxin1	Paxillus involutus ATCC 200175
416450	Penant1_AssemblyScaffolds_Repeatmasked.fasta.gz	Penant1	Penicillium antarcticum
69765	Penbi1_AssemblyScaffolds_Repeatmasked.fasta.gz	Penbi1	Penicillium bilaiae
5074	Penbr2_AssemblyScaffolds_Repeatmasked.fasta.gz	Penbr2	Penicillium brevicompactum
1392249	PenbrAgRF18_1_AssemblyScaffolds_Repeatmasked.fasta.gz	PenbrAgRF18_1	Penicillium brevicompactum AgRF18
5083	Penca1_AssemblyScaffolds_Repeatmasked.fasta.gz	Penca1	Penicillium canescens
500485	PenchWisc1_1_AssemblyScaffolds_Repeatmasked.fasta.gz	PenchWisc1_1	Penicillium rubens Wisconsin 54-1255
1353254	Pench1_AssemblyScaffolds_Repeatmasked.fasta.gz	Pench1	Penicillium chrysogenum 4088766
36646	Pencop1_AssemblyScaffolds_Repeatmasked.fasta.gz	Pencop1	Penicillium coprophilum
69771	Pendec1_AssemblyScaffolds_Repeatmasked.fasta.gz	Pendec1	Penicillium decumbens
1170229	Pendi1_AssemblyScaffolds_Repeatmasked.fasta.gz	Pendi1	Penicillium digitatum PHI26
1170230	Pendig1_AssemblyScaffolds_Repeatmasked.fasta.gz	Pendig1	Penicillium digitatum Pd1
1314791	Penex1_AssemblyScaffolds_Repeatmasked.fasta.gz	Penex1	Penicillium expansum ATCC 24692
27334	Penexp1_AssemblyScaffolds_Repeatmasked.fasta.gz	Penexp1	Penicillium expansum
70095	Penfe1_AssemblyScaffolds_Repeatmasked.fasta.gz	Penfe1	Penicillium fellutanum
254877	Penfla1_AssemblyScaffolds_Repeatmasked.fasta.gz	Penfla1	Penicillium flavigenum
69773	Pengl1_AssemblyScaffolds_Repeatmasked.fasta.gz	Pengl1	Penicillium glabrum
5078	Pengri1_AssemblyScaffolds_Repeatmasked.fasta.gz	Pengri1	Penicillium griseofulvum
40296	Penita1_AssemblyScaffolds_Repeatmasked.fasta.gz	Penita1	Penicillium italicum
1397297	Penja1_AssemblyScaffolds_Repeatmasked.fasta.gz	Penja1	Penicillium janthinellum ATCC 10455
1346256	Penla1_AssemblyScaffolds_Repeatmasked.fasta.gz	Penla1	Penicillium lanosocoeruleum ATCC 48919
1439352	Pennal1_AssemblyScaffolds_Repeatmasked.fasta.gz	Pennal1	Penicillium nalgiovense FM193
933388	Penox1_AssemblyScaffolds_Repeatmasked.fasta.gz	Penox1	Penicillium oxalicum 114-2
60169	Penpol1_AssemblyScaffolds_Repeatmasked.fasta.gz	Penpol1	Penicillium polonicum
1392252	Penra1_AssemblyScaffolds_Repeatmasked.fasta.gz	Penra1	Penicillium raistrickii ATCC 10490
60172	Pensol1_AssemblyScaffolds_Repeatmasked.fasta.gz	Pensol1	Penicillium solitum
303698	Penste1_AssemblyScaffolds_Repeatmasked.fasta.gz	Penste1	Penicillium steckii
1316194	Pensub1_AssemblyScaffolds_Repeatmasked.fasta.gz	Pensub1	Penicillium subrubescens
2136024	Penswi1_AssemblyScaffolds_Repeatmasked.fasta.gz	Penswi1	Penicillium sp. 182_6C1
293382	Penth1_AssemblyScaffolds_Repeatmasked.fasta.gz	Penth1	Penicillium thymicola
29845	Penvul1_AssemblyScaffolds_Repeatmasked.fasta.gz	Penvul1	Penicillium vulpinum
1897082	Lopni1_AssemblyScaffolds_Repeatmasked.fasta.gz	Lopni1	Peniophora sp. CONTA
40463	Ricme1_AssemblyScaffolds_Repeatmasked.fasta.gz	Ricme1	Peniophora
97972	Perma1_AssemblyScaffolds_Repeatmasked.fasta.gz	Perma1	Periconia macrospinosa
61495	Pezech1_AssemblyScaffolds_Repeatmasked.fasta.gz	Pezech1	Peziza echinospora
1286976	Phaal1_AssemblyScaffolds_Repeatmasked.fasta.gz	Phaal1	Phaeoacremonium minimum UCRPA7
1884258	PhaeoFL0889_1_AssemblyScaffolds_Repeatmasked.fasta.gz	PhaeoFL0889_1	Phaeoacremonium sp. FL0889
158046	Phach1_AssemblyScaffolds_Repeatmasked.fasta.gz	Phach1	Phaeomoniella chlamydospora
1770614	PhaPMI808_AssemblyScaffolds_Repeatmasked.fasta.gz	PhaPMI808	Phaeosphaeriaceae sp. PMI808
1508275	Phapo1_AssemblyScaffolds_Repeatmasked.fasta.gz	Phapo1	Phaeosphaeria poagena
231932	Phaca1_AssemblyScaffolds_Repeatmasked.fasta.gz	Phaca1	Phanerochaete carnosa
5306	Phchr2_AssemblyScaffolds_Repeatmasked.fasta.gz	Phchr2	Phanerochaete chrysosporium
60185	Phaart1_AssemblyScaffolds_Repeatmasked.fasta.gz	Phaart1	Phascolomyces articulosus
167367	Phefer1_AssemblyScaffolds_Repeatmasked.fasta.gz	Phefer1	Phellinidium ferrugineofuscum
40472	Pheign1_1_AssemblyScaffolds_Repeatmasked.fasta.gz	Pheign1_1	Phellinus igniarius
127956	Pheni1_AssemblyScaffolds_Repeatmasked.fasta.gz	Pheni1	Phellopilus nigrolimitatus
149040	Phisc1_AssemblyScaffolds_Repeatmasked.fasta.gz	Phisc1	Phialocephala scopiformis
1664694	Phiatt1_AssemblyScaffolds_Repeatmasked.fasta.gz	Phiatt1	Phialophora attae
747484	Phlbr1_AssemblyScaffolds_Repeatmasked.fasta.gz	Phlbr1	Phlebia brevispora HHB-7030 SS6
98765	Phlcen1_AssemblyScaffolds_Repeatmasked.fasta.gz	Phlcen1	Phlebia centrifuga
745531	Phlgi1_AssemblyScaffolds_Repeatmasked.fasta.gz	Phlgi1	Phlebiopsis gigantea 11061_1 CR5-6
109635	Phoaln1_AssemblyScaffolds_Repeatmasked.fasta.gz	Phoaln1	Flammula alnicola
109636	Phocon1_AssemblyScaffolds_Repeatmasked.fasta.gz	Phocon1	Pholiota conissans
181755	Phohig1_AssemblyScaffolds_Repeatmasked.fasta.gz	Phohig1	Pholiota highlandensis
1408161	Photr1_AssemblyScaffolds_Repeatmasked.fasta.gz	Photr1	Plenodomus tracheiphilus IPT5
4837	Phycomyces_blakesleeanus_v2_masked_scaffolds.fasta.gz	Phybl2	Phycomyces blakesleeanus
269771	PnitS607_1_AssemblyScaffolds_Repeatmasked.fasta.gz	PnitS607_1	Phycomyces nitens
269771	PnitS608_1_AssemblyScaffolds_Repeatmasked.fasta.gz	PnitS608_1	Phycomyces nitens
269771	PnitS609_1_AssemblyScaffolds_Repeatmasked.fasta.gz	PnitS609_1	Phycomyces nitens
121624	Phycap1_AssemblyScaffolds_Repeatmasked.fasta.gz	Phycap1	Phyllosticta capitalensis
595635	Phycit1_AssemblyScaffolds_Repeatmasked.fasta.gz	Phycit1	Phyllosticta citriasiana
989973	Phcit1_AssemblyScaffolds_Repeatmasked.fasta.gz	Phcit1	Phyllosticta citribraziliensis
55181	Phycitr1_AssemblyScaffolds_Repeatmasked.fasta.gz	Phycitr1	Phyllosticta citricarpa
1130410	Phcitr1_AssemblyScaffolds_Repeatmasked.fasta.gz	Phcitr1	Phyllosticta citrichinaensis
1907483	Phy27169_AssemblyScaffolds_Repeatmasked.fasta.gz	Phy27169	Phyllosticta sp. CPC 27169
1882840	Phycpc1_AssemblyScaffolds_Repeatmasked.fasta.gz	Phycpc1	Phyllosticta sp. CPC 27913
763406	Picme2_AssemblyScaffolds_Repeatmasked.fasta.gz	Picme2	Pichia membranifaciens NRRL Y-2026
644223	Picpa1_AssemblyScaffolds_Repeatmasked.fasta.gz	Picpa1	Komagataella phaffii GS115
1314780	Pieho1_1_AssemblyScaffolds_Repeatmasked.fasta.gz	Pieho1_1	Piedraia hortae CBS 480.64
64641	Pilano1_AssemblyScaffolds_Repeatmasked.fasta.gz	Pilano1	Pilaira anomala
101123	Pilumb1_AssemblyScaffolds_Repeatmasked.fasta.gz	Pilumb1	Pilobolus umbonatus
765440	Pilcr1_AssemblyScaffolds_Repeatmasked.fasta.gz	Pilcr1	Piloderma croceum F 1598
1907219	Pipcy3_1_AssemblyScaffolds_Repeatmasked.fasta.gz	Pipcy3_1	Piptocephalis cylindrospora
1109443	Pirin1_AssemblyScaffolds_Repeatmasked.fasta.gz	Pirin1	Serendipita indica DSM 11827
1754191	Pirfi3_AssemblyScaffolds_Repeatmasked.fasta.gz	Pirfi3	Piromyces finnis
73868	PirE2_1_AssemblyScaffolds_Repeatmasked.fasta.gz	PirE2_1	Piromyces sp. E2
178872	Pismi1_AssemblyScaffolds_Repeatmasked.fasta.gz	Pismi1	Pisolithus microcarpus
37468	Pisti1_AssemblyScaffolds_Repeatmasked.fasta.gz	Pisti1	Pisolithus tinctorius
1280572	Plemel1_AssemblyScaffolds_Repeatmasked.fasta.gz	Plemel1	Plectania melastoma
40658	Plecu1_AssemblyScaffolds_Repeatmasked.fasta.gz	Plecu1	Plectosphaerella cucumerina
40658	Plecuc1_AssemblyScaffolds_Repeatmasked.fasta.gz	Plecuc1	Plectosphaerella cucumerina
100044	Plesi1_AssemblyScaffolds_Repeatmasked.fasta.gz	Plesi1	Pleomassaria siparia
5323	Pleery1_AssemblyScaffolds_Repeatmasked.fasta.gz	Pleery1	Pleurotus eryngii
5322	PleosPC9_1_assembly_scaffolds_repeatmasked.fasta.gz	PleosPC9_1	Pleurotus ostreatus
1137138	PleosPC15_2_Assembly_scaffolds_repeatmasked.fasta.gz	PleosPC15_2	Pleurotus ostreatus PC15
944288	Plicr1_AssemblyScaffolds_Repeatmasked.fasta.gz	Plicr1	Plicaturopsis crispa FD-325 SS-3
181527	Plucer1_AssemblyScaffolds_Repeatmasked.fasta.gz	Plucer1	Pluteus cervinus
42068	Pneji1_AssemblyScaffolds_Repeatmasked.fasta.gz	Pneji1	Pneumocystis jirovecii
1380566	Pocchl1_AssemblyScaffolds_Repeatmasked.fasta.gz	Pocchl1	Pochonia chlamydosporia 170
515849	Podan3_AssemblyScaffolds_Repeatmasked.fasta.gz	Podan3	Podospora anserina S mat+
5145	Podans1_AssemblyScaffolds_Repeatmasked.fasta.gz	Podans1	Podospora anserina
314037	Podap1_AssemblyScaffolds_Repeatmasked.fasta.gz	Podap1	Podospora appendiculata
48157	Podcur1_AssemblyScaffolds_Repeatmasked.fasta.gz	Podcur1	Podospora curvicolla
330526	Poddi1_AssemblyScaffolds_Repeatmasked.fasta.gz	Poddi1	Podospora didyma
705562	Polci1_AssemblyScaffolds_Repeatmasked.fasta.gz	Polci1	Polychaeton citri
682080	Polfu1_AssemblyScaffolds_Repeatmasked.fasta.gz	Polfu1	Polyplosphaeria fusca
1314778	Polar1_AssemblyScaffolds_Repeatmasked.fasta.gz	Polar1	Polyporus arcularius HHB13444
139420	Polbr1_AssemblyScaffolds_Repeatmasked.fasta.gz	Polbr1	Polyporus brumalis
5640	Polsqu1_AssemblyScaffolds_Repeatmasked.fasta.gz	Polsqu1	Polyporus squamosus
1330019	Porchr1_AssemblyScaffolds_Repeatmasked.fasta.gz	Porchr1	Porodaedalea chrysoloma FP-135951
175858	Pornie1_2_AssemblyScaffolds_Repeatmasked.fasta.gz	Pornie1_2	Porodaedalea niemelaei
670580	PosplRSB12_1_AssemblyScaffolds_Repeatmasked.fasta.gz	PosplRSB12_1	Postia placenta MAD-698-R-SB12
104341	Postia_placenta.allmasked.gz	Pospl1	Postia placenta
109895	Powhir1_AssemblyScaffolds_Repeatmasked.fasta.gz	Powhir1	Powellomyces hirtus
27332	Proin1_AssemblyScaffolds_Repeatmasked.fasta.gz	Proin1	Protomyces inouyei
56484	Prola1_AssemblyScaffolds_Repeatmasked.fasta.gz	Prola1	Protomyces lactucaedebilis
1873960	Mycosphaerella_fijiensis_v2.allmasked.gz	Mycfi2	Pseudocercospora fijiensis
1695903	Pseel1_AssemblyScaffolds_Repeatmasked.fasta.gz	Pseel1	Pseudographis elatina
658429	Pseudest1_AssemblyScaffolds_Repeatmasked.fasta.gz	Pseudest1	Pseudogymnoascus destructans 20631-21
1141098	Pseve2_AssemblyScaffolds_Repeatmasked.fasta.gz	Pseve2	Pseudomassariella vexata
1684307	Rhodsp1_AssemblyScaffolds_Repeatmasked.fasta.gz	Rhodsp1	Pseudomicrostroma glucosiphilum
470096	Psehy1_AssemblyScaffolds_Repeatmasked.fasta.gz	Psehy1	Pseudovirgaria hyperparasitica
1151754	Psean1_1_AssemblyScaffolds_Repeatmasked.fasta.gz	Psean1_1	Moesziomyces antarcticus T-34
1305764	Psehu1_AssemblyScaffolds_Repeatmasked.fasta.gz	Psehu1	Pseudozyma hubeiensis SY62
181762	Psicub1_1_AssemblyScaffolds_Repeatmasked.fasta.gz	Psicub1_1	Psilocybe cubensis
1884261	Ptegra1_AssemblyScaffolds_Repeatmasked.fasta.gz	Ptegra1	Pterula gracilis
860303	PuccoNC29_1_AssemblyScaffolds_Repeatmasked.fasta.gz	PuccoNC29_1	Puccinia coronata var. avenae
860303	PuccoSD80_1_AssemblyScaffolds_Repeatmasked.fasta.gz	PuccoSD80_1	Puccinia coronata var. avenae
56615	Pucgr2_AssemblyScaffolds_Repeatmasked.fasta.gz	Pucgr2	Puccinia graminis f. sp. tritici
1238467	Pucstr1_AssemblyScaffolds_Repeatmasked.fasta.gz	Pucstr1	Puccinia striiformis f. sp. tritici 104E137A
1165861	Pucst_PST78_1_AssemblyScaffolds_Repeatmasked.fasta.gz	Pucst_PST78_1	Puccinia striiformis f. sp. tritici PST-78
875184	Pucst1_AssemblyScaffolds_Repeatmasked.fasta.gz	Pucst1	Puccinia striiformis f. sp. tritici PST-130
630390	Puctr1_AssemblyScaffolds_Repeatmasked.fasta.gz	Puctr1	Puccinia triticina 1-1 BBBD Race 1
741275	Punst1_AssemblyScaffolds_Repeatmasked.fasta.gz	Punst1	Punctularia strigosozonata HHB-11173 SS5
1323837	Pursp1_AssemblyScaffolds_Repeatmasked.fasta.gz	Pursp1	Purpureocillium sp. UdeA0106
5643	Pycci1_AssemblyScaffolds_Repeatmasked.fasta.gz	Pycci1	Trametes cinnabarina
5643	Pyccin1_AssemblyScaffolds_Repeatmasked.fasta.gz	Pyccin1	Trametes cinnabarina
158605	Pycco1_AssemblyScaffolds_Repeatmasked.fasta.gz	Pycco1	Trametes coccinea
158605	Pycco1662_1_AssemblyScaffolds_Repeatmasked.fasta.gz	Pycco1662_1	Trametes coccinea
571087	Pycpun1_AssemblyScaffolds_Repeatmasked.fasta.gz	Pycpun1	Trametes punicea
158606	Pycsa1_AssemblyScaffolds_Repeatmasked.fasta.gz	Pycsa1	Trametes sanguinea
285811	Pyrly1_AssemblyScaffolds_Repeatmasked.fasta.gz	Pyrly1	Pseudopyrenochaeta lycopersici
765867	Pyrsp1_AssemblyScaffolds_Repeatmasked.fasta.gz	Pyrsp1	Pyrenochaeta sp. DS3sAY3a
861557	Pyrtt1_AssemblyScaffolds_Repeatmasked.fasta.gz	Pyrtt1	Pyrenophora teres f. teres 0-1
45151	Pyrenophora_tritici_repentis_masked_assembly.fasta.gz	Pyrtr1	Pyrenophora tritici-repentis
1076935	Pyrco1_AssemblyScaffolds_Repeatmasked.fasta.gz	Pyrco1	Pyronema omphalodes CBS 100304
64574	Radspe1_AssemblyScaffolds_Repeatmasked.fasta.gz	Radspe1	Radiomyces spectabilis
1314676	Ramac1_AssemblyScaffolds_Repeatmasked.fasta.gz	Ramac1	Ramaria acris UT-36052-T
304332	Rambr1_AssemblyScaffolds_Repeatmasked.fasta.gz	Rambr1	Ramicandelaber brevisporus
1756112	Rhesp1_AssemblyScaffolds_Repeatmasked.fasta.gz	Rhesp1	Rhexocercosporidium sp.
329046	Rhihy1_AssemblyScaffolds_Repeatmasked.fasta.gz	Rhihy1	Rhizoclosmatium globosum
1108050	Rhiso1_AssemblyScaffolds_Repeatmasked.fasta.gz	Rhiso1	Rhizoctonia solani AG-1 IB
1504668	Rhili1_AssemblyScaffolds_Repeatmasked.fasta.gz	Rhili1	Rhizodiscina lignyota
588596	RhiirA1_1_AssemblyScaffolds_Repeatmasked.fasta.gz	RhiirA1_1	Rhizophagus irregularis
588596	RhiirA4_AssemblyScaffolds_Repeatmasked.fasta.gz	RhiirA4	Rhizophagus irregularis
588596	RhiirA5_AssemblyScaffolds_Repeatmasked.fasta.gz	RhiirA5	Rhizophagus irregularis
588596	RhiirB3_AssemblyScaffolds_Repeatmasked.fasta.gz	RhiirB3	Rhizophagus irregularis
588596	RhiirC2_AssemblyScaffolds_Repeatmasked.fasta.gz	RhiirC2	Rhizophagus irregularis
747089	Gloin1_AssemblyScaffolds_Repeatmasked.fasta.gz	Gloin1	Rhizophagus irregularis DAOM 181602=DAOM 197198
588596	Rhiir2_1_AssemblyScaffolds_Repeatmasked.fasta.gz	Rhiir2_1	Rhizophagus irregularis
176626	Rhisa1_AssemblyScaffolds_Repeatmasked.fasta.gz	Rhisa1	Rhizopogon salebrosus
98235	Rhitru1_AssemblyScaffolds_Repeatmasked.fasta.gz	Rhitru1	Rhizopogon truncatus
180088	Rhives1_AssemblyScaffolds_Repeatmasked.fasta.gz	Rhives1	Rhizopogon vesiculosus
1314800	Rhivi1_AssemblyScaffolds_Repeatmasked.fasta.gz	Rhivi1	Rhizopogon vinicolor AM-OR11-026
36057	Rhivul1_AssemblyScaffolds_Repeatmasked.fasta.gz	Rhivul1	Rhizopogon vulgaris
58291	Rhimi_ATCC11559_1_AssemblyScaffolds_Repeatmasked.fasta.gz	Rhimi_ATCC11559_1	Rhizopus microsporus
1271458	Rhich1_AssemblyScaffolds_Repeatmasked.fasta.gz	Rhich1	Rhizopus microsporus var. chinensis CCTCC M201021
1340429	Rhimi1_1_AssemblyScaffolds_Repeatmasked.fasta.gz	Rhimi1_1	Rhizopus microsporus ATCC 52813
58291	Rhimi_ATCC52814_1_AssemblyScaffolds_Repeatmasked.fasta.gz	Rhimi_ATCC52814_1	Rhizopus microsporus
1745343	Rhier1_AssemblyScaffolds_Repeatmasked.fasta.gz	Rhier1	Pezoloma ericae
206335	Rhobut1_1_AssemblyScaffolds_Repeatmasked.fasta.gz	Rhobut1_1	Rhodocollybia butyracea
34475	Fomros1_AssemblyScaffolds_Repeatmasked.fasta.gz	Fomros1	Fomitopsis rosea
5288	Rhodia1_1_AssemblyScaffolds_Repeatmasked.fasta.gz	Rhodia1_1	Rhodotorula diobovata
5286	Rhoto_ATCC26217_1_AssemblyScaffolds_Repeatmasked.fasta.gz	Rhoto_ATCC26217_1	Rhodotorula toruloides
5286	Rhoto_IFO0880_2_AssemblyScaffolds_Repeatmasked.fasta.gz	Rhoto_IFO0880_2	Rhodotorula toruloides
5286	Rhoto_IFO0880_4_AssemblyScaffolds_Repeatmasked.fasta.gz	Rhoto_IFO0880_4	Rhodotorula toruloides
5286	Rhoto_IFO0559_1_AssemblyScaffolds_Repeatmasked.fasta.gz	Rhoto_IFO0559_1	Rhodotorula toruloides
5286	Rhoto_IFO1236_1_AssemblyScaffolds_Repeatmasked.fasta.gz	Rhoto_IFO1236_1	Rhodotorula toruloides
1130832	Rhoto1_AssemblyScaffolds_Repeatmasked.fasta.gz	Rhoto1	Rhodotorula toruloides NP11
5535	Rhoglu1_AssemblyScaffolds_Repeatmasked.fasta.gz	Rhoglu1	Rhodotorula glutinis
578459	Rhoba1_1_AssemblyScaffolds_Repeatmasked.fasta.gz	Rhoba1_1	Rhodotorula graminis WP1
1397322	Rhomi1_AssemblyScaffolds_Repeatmasked.fasta.gz	Rhomi1	Cystobasidium minutum MCA 4210
5537	Rhomuc1_AssemblyScaffolds_Repeatmasked.fasta.gz	Rhomuc1	Rhodotorula mucilaginosa
1907212	RhodotJ31_1_AssemblyScaffolds_Repeatmasked.fasta.gz	RhodotJ31_1	Rhodotorula sp. J31
1305733	Rhosp1_AssemblyScaffolds_Repeatmasked.fasta.gz	Rhosp1	Rhodotorula sp. JG-1b
37885	Rhyru1_1_AssemblyScaffolds_Repeatmasked.fasta.gz	Rhyru1_1	Rhytidhysteron rufulum
264144	Ricfib1_AssemblyScaffolds_Repeatmasked.fasta.gz	Ricfib1	Rickenella fibula
50990	Ricmel1_AssemblyScaffolds_Repeatmasked.fasta.gz	Ricmel1	Rickenella mellea
219653	Rigmic1_AssemblyScaffolds_Repeatmasked.fasta.gz	Rigmic1	Rigidoporus microporus
988480	Rozal1_1_AssemblyScaffolds_Repeatmasked.fasta.gz	Rozal1_1	Rozella allomycis CSF55
281847	Rozal_SC1_AssemblyScaffolds_Repeatmasked.fasta.gz	Rozal_SC1	Rozella allomycis
98861	Rusbre1_AssemblyScaffolds_Repeatmasked.fasta.gz	Rusbre1	Russula brevipes
40490	Ruscom1_AssemblyScaffolds_Repeatmasked.fasta.gz	Ruscom1	Russula compacta
258981	Rusdis1_AssemblyScaffolds_Repeatmasked.fasta.gz	Rusdis1	Russula dissimulans
152965	Rusoch1_AssemblyScaffolds_Repeatmasked.fasta.gz	Rusoch1	Russula ochroleuca
1897646	Rusrug1_AssemblyScaffolds_Repeatmasked.fasta.gz	Rusrug1	Russula aff. rugulosa BPL654
517384	Rusvin1_AssemblyScaffolds_Repeatmasked.fasta.gz	Rusvin1	Russula vinacea
1490168	Rutfi1_AssemblyScaffolds_Repeatmasked.fasta.gz	Rutfi1	Rutstroemia firma
131308	Sacpr1_AssemblyScaffolds_Repeatmasked.fasta.gz	Sacpr1	Saccharata proteae
1149757	SacceM3707_1_AssemblyScaffolds_Repeatmasked.fasta.gz	SacceM3707_1	Saccharomyces cerevisiae M3707
1162671	SacceM3836_1_AssemblyScaffolds_Repeatmasked.fasta.gz	SacceM3836_1	Saccharomyces cerevisiae M3836
1162672	SacceM3837_1_AssemblyScaffolds_Repeatmasked.fasta.gz	SacceM3837_1	Saccharomyces cerevisiae M3837
1162673	SacceM3838_1_AssemblyScaffolds_Repeatmasked.fasta.gz	SacceM3838_1	Saccharomyces cerevisiae M3838
1162674	SacceM3839_1_AssemblyScaffolds_Repeatmasked.fasta.gz	SacceM3839_1	Saccharomyces cerevisiae M3839
559292	Sacce1_AssemblyScaffolds_Repeatmasked.fasta.gz	Sacce1	Saccharomyces cerevisiae S288C
4932	SacceYB210_1_AssemblyScaffolds_Repeatmasked.fasta.gz	SacceYB210_1	Saccharomyces cerevisiae
698492	Saico1_AssemblyScaffolds_Repeatmasked.fasta.gz	Saico1	Saitoella complicata NRRL Y-17804
90258	Sakvas1_AssemblyScaffolds_Repeatmasked.fasta.gz	Sakvas1	Saksenaea vasiformis
51139	Sarco1_AssemblyScaffolds_Repeatmasked.fasta.gz	Sarco1	Sarcoscypha coccinea
322104	pichia.allmasked.gz	Picst3	Scheffersomyces stipitis CBS 6054
5334	Schco3_AssemblyScaffolds_Repeatmasked.fasta.gz	Schco3	Schizophyllum commune
1314666	Schco_LoeD_1_AssemblyScaffolds_Repeatmasked.fasta.gz	Schco_LoeD_1	Schizophyllum commune Loenen D
1314663	Schco_TatD_1_AssemblyScaffolds_Repeatmasked.fasta.gz	Schco_TatD_1	Schizophyllum commune Tattone D
27342	Schpa1_AssemblyScaffolds_Repeatmasked.fasta.gz	Schpa1	Schizopora paradoxa
653667	Schcy1_AssemblyScaffolds_Repeatmasked.fasta.gz	Schcy1	Schizosaccharomyces cryophilus OY26
402676	Schja1_AssemblyScaffolds_Repeatmasked.fasta.gz	Schja1	Schizosaccharomyces japonicus yFS275
483514	Schoc1_AssemblyScaffolds_Repeatmasked.fasta.gz	Schoc1	Schizosaccharomyces octosporus yFS286
4896	Schpo1_AssemblyScaffolds_Repeatmasked.fasta.gz	Schpo1	Schizosaccharomyces pombe
314040	Schves1_AssemblyScaffolds_Repeatmasked.fasta.gz	Schves1	Schizothecium vesticola
1036808	Sclci1_AssemblyScaffolds_Repeatmasked.fasta.gz	Sclci1	Scleroderma citrinum Foug A
1529657	Sclhys1_1_AssemblyScaffolds_Repeatmasked.fasta.gz	Sclhys1_1	Sclerogaster hysterangioides
1410009	Sclsan1_AssemblyScaffolds_Repeatmasked.fasta.gz	Sclsan1	Sclerophora sanguinea
665079	Sclsc1_AssemblyScaffolds_Repeatmasked.fasta.gz	Sclsc1	Sclerotinia sclerotiorum 1980 UF-70
1884260	Scysp1_1_AssemblyScaffolds_Repeatmasked.fasta.gz	Scysp1_1	Scytinostroma sp. KUC9413
933852	Sebve1_AssemblyScaffolds_Repeatmasked.fasta.gz	Sebve1	Serendipita vermifera MAFF 305830
1884257	Sepsp1_AssemblyScaffolds_Repeatmasked.fasta.gz	Sepsp1	Septobasidium sp. PNB30-8B
692275	Sepmu1_AssemblyScaffolds_Repeatmasked.fasta.gz	Sepmu1	Sphaerulina musiva SO2202
215467	Seppo1_AssemblyScaffolds_Repeatmasked.fasta.gz	Seppo1	Sphaerulina populicola
2136033	Serend1_AssemblyScaffolds_Repeatmasked.fasta.gz	Serend1	Serendipita sp. 407
109899	Sebvebe1_AssemblyScaffolds_Repeatmasked.fasta.gz	Sebvebe1	Serendipita vermifera
690234	Serla_varsha1_AssemblyScaffolds_Repeatmasked.fasta.gz	Serla_varsha1	Serpula lacrymans var. shastensis SHA21-2
936435	Serpula_lacrymans_S7_3_v2.masked.fasta.gz	SerlaS7_3_2	Serpula lacrymans var. lacrymans S7.3
578457	SerlaS7_9_2_AssemblyScaffolds_Repeatmasked.fasta.gz	SerlaS7_9_2	Serpula lacrymans var. lacrymans S7.9
210430	Setho1_AssemblyScaffolds_Repeatmasked.fasta.gz	Setho1	Setomelanomma holmii
93612	Settu3_AssemblyScaffolds_Repeatmasked.fasta.gz	Settu3	Exserohilum turcicum
93612	Settur3_AssemblyScaffolds_Repeatmasked.fasta.gz	Settur3	Exserohilum turcicum
89935	Sirint1_AssemblyScaffolds_Repeatmasked.fasta.gz	Sirint1	Sirobasidium intermedium
1314777	Sisni1_AssemblyScaffolds_Repeatmasked.fasta.gz	Sisni1	Sistotremastrum niveocremeum HHB9708
467971	Sissu1_AssemblyScaffolds_Repeatmasked.fasta.gz	Sissu1	Sistotremastrum suecicum
106016	Slopil1_AssemblyScaffolds_Repeatmasked.fasta.gz	Slopil1	Slooffia pilati
133412	SmicuMNP_2_AssemblyScaffolds_Repeatmasked.fasta.gz	SmicuMNP_2	Smittium culicis
133412	SmiculW2_1_AssemblyScaffolds_Repeatmasked.fasta.gz	SmiculW2_1	Smittium culicis
133383	Smimuc2_AssemblyScaffolds_Repeatmasked.fasta.gz	Smimuc2	Smittium mucronatum
1302862	Sodal1_AssemblyScaffolds_Repeatmasked.fasta.gz	Sodal1	Sodiomyces alkalinus
83679	Sorbr1_AssemblyScaffolds_Repeatmasked.fasta.gz	Sorbr1	Sordaria brevicollis
1202976	Spalat1_AssemblyScaffolds_Repeatmasked.fasta.gz	Spalat1	Sparassis latifolia
619300	Spapa3_masked_genomic_scaffolds.fasta.gz	Spapa3	Spathaspora passalidarum NRRL Y-27907
33158	Spafl1_AssemblyScaffolds_Repeatmasked.fasta.gz	Spafl1	Spathularia flavida
68786	Sphst1_AssemblyScaffolds_Repeatmasked.fasta.gz	Sphst1	Sphaerobolus stellatus
101115	Spifus1_AssemblyScaffolds_Repeatmasked.fasta.gz	Spifus1	Spinellus fusiger
645134	Spipu1_AssemblyScaffolds_Repeatmasked.fasta.gz	Spipu1	Spizellomyces punctatus DAOM BR117
5003	Spopa1_AssemblyScaffolds_Repeatmasked.fasta.gz	Spopa1	Sporidiobolus pararoseus
999809	Spore1_AssemblyScaffolds_Repeatmasked.fasta.gz	Spore1	Sporisorium reilianum SRZ2
1397324	Spoli1_AssemblyScaffolds_Repeatmasked.fasta.gz	Spoli1	Phyllozyma linderae CBS 7893
365493	Sporobolomyces_roseus.allmasked.gz	Sporo1	Sporobolomyces roseus IAM 13481
101117	Spoumb1_AssemblyScaffolds_Repeatmasked.fasta.gz	Spoumb1	Sporodiniella umbellata
45794	Spola1_AssemblyScaffolds_Repeatmasked.fasta.gz	Spola1	Sporopachydermia lactativora
1340428	Spofi1_AssemblyScaffolds_Repeatmasked.fasta.gz	Spofi1	Sporormia fimetaria CBS 119925
80388	Stael1_AssemblyScaffolds_Repeatmasked.fasta.gz	Stael1	Stachybotrys elegans
321614	Stano2_AssemblyScaffolds_Repeatmasked.fasta.gz	Stano2	Parastagonospora nodorum SN15
765868	Stasp1_AssemblyScaffolds_Repeatmasked.fasta.gz	Stasp1	Stagonospora sp. SRC1lsM3a
73508	Stagr1_AssemblyScaffolds_Repeatmasked.fasta.gz	Stagr1	Stanjemonium grisellum
183478	Stely1_AssemblyScaffolds_Repeatmasked.fasta.gz	Stely1	Stemphylium lycopersici
721885	Stehi1_AssemblyScaffolds_Repeatmasked.fasta.gz	Stehi1	Stereum hirsutum FP-91666 SS1
796026	Sugame1_AssemblyScaffolds_Repeatmasked.fasta.gz	Sugame1	Sugiyamaella americana
48561	Suiame1_AssemblyScaffolds_Repeatmasked.fasta.gz	Suiame1	Suillus americanus
1912932	Suiamp1_AssemblyScaffolds_Repeatmasked.fasta.gz	Suiamp1	Suillus ampliporus
1400700	Suibr2_AssemblyScaffolds_Repeatmasked.fasta.gz	Suibr2	Suillus brevipes Sb2
1904413	Suicli1_AssemblyScaffolds_Repeatmasked.fasta.gz	Suicli1	Suillus clintonianus
48568	Suicot1_AssemblyScaffolds_Repeatmasked.fasta.gz	Suicot1	Suillus cothurnatus
48569	Suidec1_AssemblyScaffolds_Repeatmasked.fasta.gz	Suidec1	Suillus decipiens
48571	Suigr1_AssemblyScaffolds_Repeatmasked.fasta.gz	Suigr1	Suillus granulatus
279518	Suihi1_AssemblyScaffolds_Repeatmasked.fasta.gz	Suihi1	Suillus hirtellus
930992	Suilu4_AssemblyScaffolds_Repeatmasked.fasta.gz	Suilu4	Suillus luteus UH-Slu-Lm8-n1
222705	Suipic1_AssemblyScaffolds_Repeatmasked.fasta.gz	Suipic1	Suillus pictus
48586	Suisu1_AssemblyScaffolds_Repeatmasked.fasta.gz	Suisu1	Suillus subalutaceus
48587	Suisub1_AssemblyScaffolds_Repeatmasked.fasta.gz	Suisub1	Suillus subaureus
48589	Suitom1_AssemblyScaffolds_Repeatmasked.fasta.gz	Suitom1	Suillus tomentosus
983144	Symko1_AssemblyScaffolds_Repeatmasked.fasta.gz	Symko1	Symbiotaphrina kochii CBS 250.77
254439	Symat1_AssemblyScaffolds_Repeatmasked.fasta.gz	Symat1	Blastobotrys attinorum
13706	Synrac1_AssemblyScaffolds_Repeatmasked.fasta.gz	Synrac1	Syncephalastrum racemosum
1851187	Synfus1_AssemblyScaffolds_Repeatmasked.fasta.gz	Synfus1	Syncephalis fuscata
1851185	Synplu1_AssemblyScaffolds_Repeatmasked.fasta.gz	Synplu1	Syncephalis plumigaleata
1712513	Synps1_AssemblyScaffolds_Repeatmasked.fasta.gz	Synps1	Syncephalis pseudoplumigaleata
1392253	Penac1_AssemblyScaffolds_Repeatmasked.fasta.gz	Penac1	Talaromyces aculeatus ATCC 10409
5094	Talabor1_AssemblyScaffolds_Repeatmasked.fasta.gz	Talabor1	Talaromyces
441960	Talma1_2_AssemblyScaffolds_Repeatmasked.fasta.gz	Talma1_2	Talaromyces marneffei ATCC 18224
1131652	Talpro1_AssemblyScaffolds_Repeatmasked.fasta.gz	Talpro1	Talaromyces proteolyticus
441959	Talst1_2_AssemblyScaffolds_Repeatmasked.fasta.gz	Talst1_2	Talaromyces stipitatus ATCC 10500
1097556	Tapde1_1_AssemblyScaffolds_Repeatmasked.fasta.gz	Tapde1_1	Taphrina deformans PYCC 5710
161662	Ternu1_AssemblyScaffolds_Repeatmasked.fasta.gz	Ternu1	Teratosphaeria nubilosa
82571	Terbo2_AssemblyScaffolds_Repeatmasked.fasta.gz	Terbo2	Terfezia boudieri
139407	Tercla1_AssemblyScaffolds_Repeatmasked.fasta.gz	Tercla1	Terfezia claveryi
1882483	Tescy1_AssemblyScaffolds_Repeatmasked.fasta.gz	Tescy1	Testicularia cyperi
101142	Thaele1_AssemblyScaffolds_Repeatmasked.fasta.gz	Thaele1	Thamnidium elegans
78915	Thasp1_AssemblyScaffolds_Repeatmasked.fasta.gz	Thasp1	Thamnocephalis sphaerospora
107832	Thacu1_AssemblyScaffolds_Repeatmasked.fasta.gz	Thacu1	Thanatephorus cucumeris
319061	Themi1_AssemblyScaffolds_Repeatmasked.fasta.gz	Themi1	Thelebolus microsporus
46453	Thest1_AssemblyScaffolds_Repeatmasked.fasta.gz	Thest1	Thelebolus stercoreus
370292	Thega1_AssemblyScaffolds_Repeatmasked.fasta.gz	Thega1	Thelephora ganbajun
1133049	Theau1_AssemblyScaffolds_Repeatmasked.fasta.gz	Theau1	Thermoascus aurantiacus ATCC 26904
5541	Thelan1_AssemblyScaffolds_Repeatmasked.fasta.gz	Thelan1	Thermomyces lanuginosus
1450529	Thian1_AssemblyScaffolds_Repeatmasked.fasta.gz	Thian1	Thielavia antarctica
1384585	Thiap1_AssemblyScaffolds_Repeatmasked.fasta.gz	Thiap1	Thielavia appendiculata CBS 731.68
1384583	Thiar1_AssemblyScaffolds_Repeatmasked.fasta.gz	Thiar1	Thielavia arenaria CBS 508.74
1384584	Thihy1_AssemblyScaffolds_Repeatmasked.fasta.gz	Thihy1	Thielavia hyrcaniae CBS 757.83
35720	Thite2_AssemblyScaffolds_Repeatmasked.fasta.gz	Thite2	Thielavia terrestris
1506992	ThoPMI491_1_AssemblyScaffolds_Repeatmasked.fasta.gz	ThoPMI491_1	Thozetella sp. PMI_491
1037660	Tilan2_AssemblyScaffolds_Repeatmasked.fasta.gz	Tilan2	Tilletiaria anomala UBC 951
58915	Tilalb1_AssemblyScaffolds_Repeatmasked.fasta.gz	Tilalb1	Robbauera albescens
1954214	Tillet1_AssemblyScaffolds_Repeatmasked.fasta.gz	Tillet1	Tilletiopsis sp. TKC30
58919	Tilwa1_AssemblyScaffolds_Repeatmasked.fasta.gz	Tilwa1	Tilletiopsis washingtonensis
29910	Tolinf1_AssemblyScaffolds_Repeatmasked.fasta.gz	Tolinf1	Tolypocladium inflatum
311114	Torra1_AssemblyScaffolds_Repeatmasked.fasta.gz	Torra1	Torpedospora radiata
767744	Canca1_AssemblyScaffolds_Repeatmasked.fasta.gz	Canca1	Tortispora caseinolytica NRRL Y-17796
4950	Torde1_AssemblyScaffolds_Repeatmasked.fasta.gz	Torde1	Torulaspora delbrueckii
1048955	Totfu1_AssemblyScaffolds_Repeatmasked.fasta.gz	Totfu1	Tothia fuscella
5632	Trabet1_AssemblyScaffolds_Repeatmasked.fasta.gz	Trabet1	Lenzites betulinus
575983	Traci1_AssemblyScaffolds_Repeatmasked.fasta.gz	Traci1	Trametes cingulata
160864	Tragib1_AssemblyScaffolds_Repeatmasked.fasta.gz	Tragib1	Trametes gibbosa
1140396	Tralj1_AssemblyScaffolds_Repeatmasked.fasta.gz	Tralj1	Trametes ljubarskyi
259368	Tramax1_AssemblyScaffolds_Repeatmasked.fasta.gz	Tramax1	Trametes maxima
526243	Tramey1_AssemblyScaffolds_Repeatmasked.fasta.gz	Tramey1	Trametes meyenii
239206	Trapol1_AssemblyScaffolds_Repeatmasked.fasta.gz	Trapol1	Trametes polyzona
154538	Trapub1_AssemblyScaffolds_Repeatmasked.fasta.gz	Trapub1	Trametes pubescens
717944	Trave1_AssemblyScaffolds_Repeatmasked.fasta.gz	Trave1	Trametes versicolor FP-101664 SS1
1111950	Trace1_AssemblyScaffolds_Repeatmasked.fasta.gz	Trace1	Trametopsis cervina
390896	Trepe1_AssemblyScaffolds_Repeatmasked.fasta.gz	Trepe1	Trematosphaeria pertusa
71784	Treen1_AssemblyScaffolds_Repeatmasked.fasta.gz	Treen1	Naematelia encephala
578456	Treme1_masked_genomic_scaffolds.fasta.gz	Treme1	Tremella mesenterica DSM 1558
1356356	Triab1_1_AssemblyScaffolds_Repeatmasked.fasta.gz	Triab1_1	Trichaptum abietinum L-15831 ss-1
43433	Tripra1_AssemblyScaffolds_Repeatmasked.fasta.gz	Tripra1	Tricharina praecox
703511	Tribi1_AssemblyScaffolds_Repeatmasked.fasta.gz	Tribi1	Trichodelitschia bisporula
1042311	Trias1_AssemblyScaffolds_Repeatmasked.fasta.gz	Trias1	Trichoderma asperellum CBS 433.97
101201	Triasp1_AssemblyScaffolds_Repeatmasked.fasta.gz	Triasp1	Trichoderma asperellum
452589	Trichoderma_atroviride_v2.allmasked.gz	Triat2	Trichoderma atroviride IMI 206040
58853	Trici4_AssemblyScaffolds_Repeatmasked.fasta.gz	Trici4	Trichoderma citrinoviride
398673	Trigam1_AssemblyScaffolds_Repeatmasked.fasta.gz	Trigam1	Trichoderma gamsii
983964	Triha1_AssemblyScaffolds_Repeatmasked.fasta.gz	Triha1	Trichoderma harzianum CBS 226.95
5544	Trihar1_AssemblyScaffolds_Repeatmasked.fasta.gz	Trihar1	Trichoderma harzianum
983965	Trilo3_AssemblyScaffolds_Repeatmasked.fasta.gz	Trilo3	Trichoderma longibrachiatum ATCC 18648
51453	TrireRUTC30_1_AssemblyScaffolds_Repeatmasked.fasta.gz	TrireRUTC30_1	Trichoderma reesei
431241	Trichoderma_reeseiV2.allmasked.gz	Trire2	Trichoderma reesei QM6a
413071	Trichoderma_virens_v2.allmasked.gz	TriviGv29_8_2	Trichoderma virens Gv29-8
40145	Trima3_AssemblyScaffolds_Repeatmasked.fasta.gz	Trima3	Tricholoma matsutake
64416	Tripe1_AssemblyScaffolds_Repeatmasked.fasta.gz	Tripe1	Trichomonascus petasosporus
47213	Trihyb1_AssemblyScaffolds_Repeatmasked.fasta.gz	Trihyb1	Trichophaea hybrida
559305	Triru1_AssemblyScaffolds_Repeatmasked.fasta.gz	Triru1	Trichophyton rubrum CBS 118892
663202	Triver1_AssemblyScaffolds_Repeatmasked.fasta.gz	Triver1	Trichophyton verrucosum HKI 0517
1186058	Trias2479_AssemblyScaffolds_Repeatmasked.fasta.gz	Trias2479	Trichosporon asahii var. asahii CBS 2479
1220162	Trias8904_AssemblyScaffolds_Repeatmasked.fasta.gz	Trias8904	Trichosporon asahii var. asahii CBS 8904
457529	Trich1_AssemblyScaffolds_Repeatmasked.fasta.gz	Trich1	Haglerozyma chiarellii
105714	Trigue1_AssemblyScaffolds_Repeatmasked.fasta.gz	Trigue1	Cutaneotrichosporon guehoae
879819	Triol1_AssemblyScaffolds_Repeatmasked.fasta.gz	Triol1	Cutaneotrichosporon oleaginosum
1196434	Trigu1_AssemblyScaffolds_Repeatmasked.fasta.gz	Trigu1	Trinosporium guianense
1117335	Triarc1_AssemblyScaffolds_Repeatmasked.fasta.gz	Triarc1	Phlyctochytrium arcticum
1055551	Trisp1_AssemblyScaffolds_Repeatmasked.fasta.gz	Trisp1	Tritirachium sp. CBS 265.96
152316	Truan1_AssemblyScaffolds_Repeatmasked.fasta.gz	Truan1	Truncatella angustata
1048519	Tryvi1_AssemblyScaffolds_Repeatmasked.fasta.gz	Tryvi1	Viridothelium virens
42251	Tubbor1_AssemblyScaffolds_Repeatmasked.fasta.gz	Tubbor1	Tuber borchii
656061	Tubme1_AssemblyScaffolds_Repeatmasked.fasta.gz	Tubme1	Tuber melanosporum Mel28
1051891	Tulca1_AssemblyScaffolds_Repeatmasked.fasta.gz	Tulca1	Tulasnella calospora MUT 4182
156515	Tulcal1_AssemblyScaffolds_Repeatmasked.fasta.gz	Tulcal1	Tulasnella calospora
91625	Umbisa1_AssemblyScaffolds_Repeatmasked.fasta.gz	Umbisa1	Umbelopsis isabellina
41833	Umbra1_AssemblyScaffolds_Repeatmasked.fasta.gz	Umbra1	Umbelopsis ramanniana
1883073	Umbsp_AD052_1_AssemblyScaffolds_Repeatmasked.fasta.gz	Umbsp_AD052_1	Umbelopsis sp. AD052
336963	Uncre1_AssemblyScaffolds_Repeatmasked.fasta.gz	Uncre1	Uncinocarpus reesii 1704
2183100	Uropr1_AssemblyScaffolds_Repeatmasked.fasta.gz	Uropr1	Urocystis primulicola
111620	Usnflo1_AssemblyScaffolds_Repeatmasked.fasta.gz	Usnflo1	Usnea florida
1159556	Ustvir1_AssemblyScaffolds_Repeatmasked.fasta.gz	Ustvir1	Ustilaginoidea virens
1128400	Usthor1_AssemblyScaffolds_Repeatmasked.fasta.gz	Usthor1	Ustilago hordei Uh4857-4
237631	Ustma2_2_AssemblyScaffolds_Repeatmasked.fasta.gz	Ustma2_2	Ustilago maydis 521
152775	Valla1_AssemblyScaffolds_Repeatmasked.fasta.gz	Valla1	Valetoniellopsis laxa
1314806	Varmin1_AssemblyScaffolds_Repeatmasked.fasta.gz	Varmin1	Vararia minispora EC-137
941530	Velabi1_AssemblyScaffolds_Repeatmasked.fasta.gz	Velabi1	Veluticeps abietina
5025	Venin1_AssemblyScaffolds_Repeatmasked.fasta.gz	Venin1	Venturia inaequalis
415593	Venpi1_AssemblyScaffolds_Repeatmasked.fasta.gz	Venpi1	Venturia pyrina
253628	Verga1_AssemblyScaffolds_Repeatmasked.fasta.gz	Verga1	Verruconis gallopava
85948	Veren1_AssemblyScaffolds_Repeatmasked.fasta.gz	Veren1	Didymosphaeria enalia
27335	Veral1_AssemblyScaffolds_Repeatmasked.fasta.gz	Veral1	Verticillium albo-atrum
27337	Verda1_AssemblyScaffolds_Repeatmasked.fasta.gz	Verda1	Verticillium dahliae
1520773	Ustsp1_AssemblyScaffolds_Repeatmasked.fasta.gz	Ustsp1	Violaceomyces palustris
706473	Volvo1_AssemblyScaffolds_Repeatmasked.fasta.gz	Volvo1	Volvariella volvacea V23
47058	Vuico1_AssemblyScaffolds_Repeatmasked.fasta.gz	Vuico1	Vuilleminia comedens
47058	Vuicom1_AssemblyScaffolds_Repeatmasked.fasta.gz	Vuicom1	Vuilleminia comedens
1299270	Walic1_AssemblyScaffolds_Repeatmasked.fasta.gz	Walic1	Wallemia ichthyophaga EXF-994
671144	Walse1_AssemblyScaffolds_Repeatmasked.fasta.gz	Walse1	Wallemia mellicola CBS 633.66
318751	Wesor1_AssemblyScaffolds_Repeatmasked.fasta.gz	Wesor1	Westerdykella ornata
45788	Wicdo1_AssemblyScaffolds_Repeatmasked.fasta.gz	Wicdo1	Wickerhamiella domercqiae
4927	Wican1_AssemblyScaffolds_Repeatmasked.fasta.gz	Wican1	Wickerhamomyces anomalus
43439	Wilmi1_AssemblyScaffolds_Repeatmasked.fasta.gz	Wilmi1	Wilcoxina mikolae
81056	Wolco1_AssemblyScaffolds_Repeatmasked.fasta.gz	Wolco1	Wolfiporia cocos
714311	Xanpa2_AssemblyScaffolds_Repeatmasked.fasta.gz	Xanpa2	Xanthoria parietina 46-1-SA22
301416	Xenvag1_AssemblyScaffolds_Repeatmasked.fasta.gz	Xenvag1	Xenasmatella vaga
36058	Xerba1_AssemblyScaffolds_Repeatmasked.fasta.gz	Xerba1	Xerocomus badius
37992	Xylhyp1_AssemblyScaffolds_Repeatmasked.fasta.gz	Xylhyp1	Xylaria hypoxylon
1940296	XylPMI506_AssemblyScaffolds_Repeatmasked.fasta.gz	XylPMI506	Xylariales sp. PMI_506
1328760	Xylhe1_AssemblyScaffolds_Repeatmasked.fasta.gz	Xylhe1	Xylona heveae TC161
4952	Yarlip1_AssemblyScaffolds_Repeatmasked.fasta.gz	Yarlip1	Yarrowia lipolytica
284591	Yarli1_AssemblyScaffolds_Repeatmasked.fasta.gz	Yarli1	Yarrowia lipolytica CLIB122
1213189	Zancul2_AssemblyScaffolds_Repeatmasked.fasta.gz	Zancul2	Zancudomyces culisetae
1080233	Zasce1_AssemblyScaffolds_Repeatmasked.fasta.gz	Zasce1	Zasmidium cellare ATCC 36951
42210	Zoorad1_AssemblyScaffolds_Repeatmasked.fasta.gz	Zoorad1	Zoophthora radicans
160035	Zoprh1_AssemblyScaffolds_Repeatmasked.fasta.gz	Zoprh1	Zopfia rhizophila
64656	Zycmex1_AssemblyScaffolds_Repeatmasked.fasta.gz	Zycmex1	Zychaea mexicana
5621	Zyghe1_2_AssemblyScaffolds_Repeatmasked.fasta.gz	Zyghe1_2	Zygoascus hellenicus
4956	Zygro1_AssemblyScaffolds_Repeatmasked.fasta.gz	Zygro1	Zygosaccharomyces rouxii
985147	Zymar1_AssemblyScaffolds_Repeatmasked.fasta.gz	Zymar1	Zymoseptoria ardabiliae STIR04_1.1.1
1047168	Zymbr1_AssemblyScaffolds_Repeatmasked.fasta.gz	Zymbr1	Zymoseptoria brevis
985140	Zymps1_AssemblyScaffolds_Repeatmasked.fasta.gz	Zymps1	Zymoseptoria pseudotritici STIR04_2.2.1
1016881	Ascsa1_AssemblyScaffolds_Repeatmasked.fasta.gz	Ascsa1	Ascocoryne sarcoides NRRL 50072
701091	CocheC5_3_AssemblyScaffolds_Repeatmasked.fasta.gz	CocheC5_3	Bipolaris maydis C5
